True Label ID,True Label Name,Predicted ID,Predicted Name,Confidence,Correct
6,neutral,6,neutral,0.8905,True
3,happy,3,happy,0.9968,True
2,fear,5,surprise,0.4763,False
6,neutral,6,neutral,0.4703,True
5,surprise,5,surprise,0.9731,True
0,angry,6,neutral,0.7778,False
2,fear,4,sad,0.392,False
6,neutral,6,neutral,0.7624,True
4,sad,4,sad,0.8545,True
4,sad,4,sad,0.3275,True
3,happy,3,happy,0.9993,True
3,happy,3,happy,0.9993,True
0,angry,5,surprise,0.2774,False
6,neutral,6,neutral,0.7903,True
5,surprise,2,fear,0.4532,False
6,neutral,6,neutral,0.6339,True
3,happy,3,happy,0.9927,True
2,fear,2,fear,0.609,True
3,happy,3,happy,0.9981,True
0,angry,4,sad,0.6464,False
6,neutral,4,sad,0.4265,False
3,happy,6,neutral,0.7643,False
3,happy,3,happy,0.8448,True
3,happy,3,happy,0.9773,True
1,disgust,2,fear,0.3845,False
2,fear,0,angry,0.616,False
3,happy,3,happy,0.9991,True
2,fear,2,fear,0.4807,True
4,sad,4,sad,0.4183,True
3,happy,3,happy,0.7334,True
5,surprise,5,surprise,0.9614,True
5,surprise,5,surprise,0.9291,True
6,neutral,0,angry,0.6913,False
6,neutral,6,neutral,0.5336,True
0,angry,4,sad,0.7001,False
5,surprise,2,fear,0.3434,False
4,sad,6,neutral,0.703,False
0,angry,0,angry,0.4646,True
1,disgust,3,happy,0.7407,False
3,happy,3,happy,0.9431,True
3,happy,3,happy,0.7563,True
2,fear,4,sad,0.6235,False
6,neutral,6,neutral,0.8263,True
5,surprise,5,surprise,0.4706,True
0,angry,0,angry,0.3819,True
6,neutral,6,neutral,0.9167,True
6,neutral,6,neutral,0.4406,True
6,neutral,6,neutral,0.6322,True
2,fear,6,neutral,0.3931,False
6,neutral,6,neutral,0.7934,True
3,happy,3,happy,0.9998,True
4,sad,4,sad,0.8031,True
3,happy,3,happy,0.9981,True
4,sad,4,sad,0.7291,True
0,angry,0,angry,0.7325,True
0,angry,4,sad,0.5688,False
6,neutral,6,neutral,0.4268,True
6,neutral,4,sad,0.716,False
5,surprise,3,happy,0.6454,False
5,surprise,5,surprise,0.5498,True
3,happy,0,angry,0.4672,False
4,sad,4,sad,0.4856,True
0,angry,0,angry,0.5112,True
3,happy,4,sad,0.4135,False
4,sad,6,neutral,0.6683,False
4,sad,3,happy,0.5737,False
4,sad,4,sad,0.609,True
4,sad,4,sad,0.7565,True
6,neutral,2,fear,0.3779,False
4,sad,3,happy,0.532,False
2,fear,6,neutral,0.3601,False
6,neutral,4,sad,0.6602,False
6,neutral,6,neutral,0.8963,True
0,angry,2,fear,0.3596,False
6,neutral,6,neutral,0.6903,True
0,angry,4,sad,0.6696,False
5,surprise,5,surprise,0.8824,True
5,surprise,6,neutral,0.5217,False
4,sad,6,neutral,0.4931,False
3,happy,3,happy,0.9746,True
6,neutral,6,neutral,0.9806,True
4,sad,4,sad,0.5948,True
4,sad,3,happy,0.7494,False
6,neutral,0,angry,0.4047,False
3,happy,3,happy,0.969,True
5,surprise,5,surprise,0.6523,True
4,sad,4,sad,0.8729,True
0,angry,4,sad,0.6635,False
6,neutral,4,sad,0.3644,False
3,happy,0,angry,0.3451,False
4,sad,6,neutral,0.323,False
5,surprise,5,surprise,0.6521,True
4,sad,6,neutral,0.4466,False
6,neutral,6,neutral,0.8889,True
0,angry,0,angry,0.7466,True
6,neutral,6,neutral,0.5246,True
5,surprise,0,angry,0.3552,False
4,sad,4,sad,0.4903,True
3,happy,3,happy,0.9982,True
0,angry,0,angry,0.4436,True
3,happy,6,neutral,0.6324,False
4,sad,4,sad,0.6176,True
3,happy,3,happy,0.9901,True
4,sad,4,sad,0.6039,True
2,fear,2,fear,0.4534,True
6,neutral,6,neutral,0.7104,True
4,sad,4,sad,0.3265,True
3,happy,3,happy,0.9627,True
5,surprise,5,surprise,0.5882,True
3,happy,3,happy,0.9389,True
2,fear,4,sad,0.5041,False
2,fear,5,surprise,0.9149,False
4,sad,0,angry,0.5257,False
2,fear,2,fear,0.7333,True
3,happy,3,happy,0.999,True
2,fear,6,neutral,0.4736,False
3,happy,3,happy,0.9977,True
4,sad,6,neutral,0.3621,False
0,angry,6,neutral,0.9749,False
3,happy,2,fear,0.2302,False
2,fear,2,fear,0.4751,True
3,happy,3,happy,0.997,True
3,happy,3,happy,0.9867,True
2,fear,3,happy,0.4837,False
0,angry,4,sad,0.5989,False
0,angry,0,angry,0.3402,True
0,angry,4,sad,0.5234,False
4,sad,0,angry,0.5443,False
3,happy,3,happy,0.9998,True
3,happy,3,happy,0.9034,True
3,happy,3,happy,0.4313,True
3,happy,3,happy,0.9354,True
2,fear,4,sad,0.5085,False
2,fear,4,sad,0.5304,False
4,sad,4,sad,0.3455,True
6,neutral,3,happy,0.3273,False
3,happy,3,happy,0.9173,True
5,surprise,5,surprise,0.6431,True
4,sad,6,neutral,0.2655,False
6,neutral,6,neutral,0.8561,True
3,happy,3,happy,0.9984,True
3,happy,3,happy,0.9941,True
4,sad,0,angry,0.3756,False
2,fear,2,fear,0.5154,True
6,neutral,6,neutral,0.6901,True
2,fear,2,fear,0.4919,True
2,fear,4,sad,0.5403,False
5,surprise,5,surprise,0.9223,True
0,angry,6,neutral,0.6664,False
5,surprise,5,surprise,0.9223,True
5,surprise,5,surprise,0.6443,True
2,fear,0,angry,0.3254,False
4,sad,4,sad,0.7157,True
5,surprise,4,sad,0.248,False
4,sad,4,sad,0.5631,True
4,sad,6,neutral,0.4732,False
0,angry,6,neutral,0.883,False
2,fear,5,surprise,0.7627,False
6,neutral,4,sad,0.2724,False
3,happy,3,happy,0.9993,True
0,angry,0,angry,0.4755,True
2,fear,6,neutral,0.9041,False
6,neutral,6,neutral,0.615,True
6,neutral,2,fear,0.407,False
0,angry,3,happy,0.7166,False
3,happy,3,happy,0.9998,True
6,neutral,3,happy,0.9992,False
0,angry,2,fear,0.51,False
4,sad,6,neutral,0.728,False
6,neutral,6,neutral,0.943,True
5,surprise,2,fear,0.2802,False
3,happy,3,happy,0.9527,True
3,happy,6,neutral,0.6045,False
3,happy,3,happy,0.6494,True
5,surprise,5,surprise,0.9059,True
3,happy,3,happy,0.9937,True
0,angry,4,sad,0.7591,False
2,fear,6,neutral,0.3219,False
4,sad,4,sad,0.7296,True
2,fear,2,fear,0.5637,True
3,happy,3,happy,0.9968,True
2,fear,2,fear,0.453,True
2,fear,0,angry,0.3998,False
4,sad,3,happy,0.5879,False
5,surprise,0,angry,0.2238,False
0,angry,4,sad,0.53,False
4,sad,0,angry,0.3277,False
2,fear,2,fear,0.4533,True
5,surprise,5,surprise,0.8892,True
4,sad,3,happy,0.3889,False
5,surprise,5,surprise,0.2533,True
6,neutral,6,neutral,0.7912,True
3,happy,3,happy,0.4543,True
2,fear,3,happy,0.6023,False
2,fear,5,surprise,0.4448,False
2,fear,6,neutral,0.7295,False
4,sad,3,happy,0.3967,False
4,sad,3,happy,0.8265,False
6,neutral,4,sad,0.3168,False
0,angry,0,angry,0.4486,True
3,happy,3,happy,0.9936,True
6,neutral,6,neutral,0.7685,True
2,fear,0,angry,0.4169,False
0,angry,0,angry,0.8424,True
2,fear,4,sad,0.6255,False
3,happy,3,happy,0.987,True
3,happy,3,happy,0.7629,True
3,happy,3,happy,0.8528,True
6,neutral,5,surprise,0.4243,False
4,sad,6,neutral,0.4415,False
5,surprise,5,surprise,0.9576,True
3,happy,3,happy,0.9949,True
2,fear,5,surprise,0.6839,False
2,fear,6,neutral,0.4483,False
4,sad,4,sad,0.5508,True
6,neutral,6,neutral,0.7784,True
3,happy,4,sad,0.3291,False
3,happy,3,happy,0.9503,True
2,fear,0,angry,0.4272,False
6,neutral,6,neutral,0.9392,True
3,happy,3,happy,0.9959,True
2,fear,5,surprise,0.8095,False
4,sad,4,sad,0.4178,True
6,neutral,6,neutral,0.9012,True
2,fear,4,sad,0.3993,False
4,sad,0,angry,0.7223,False
3,happy,3,happy,0.7802,True
6,neutral,6,neutral,0.4261,True
2,fear,4,sad,0.3694,False
4,sad,4,sad,0.3646,True
0,angry,4,sad,0.5157,False
6,neutral,4,sad,0.4229,False
6,neutral,6,neutral,0.5426,True
3,happy,3,happy,0.9965,True
5,surprise,5,surprise,0.9356,True
4,sad,4,sad,0.4903,True
3,happy,3,happy,0.9978,True
5,surprise,5,surprise,0.5145,True
5,surprise,3,happy,0.8086,False
3,happy,3,happy,0.9938,True
3,happy,3,happy,0.9909,True
6,neutral,6,neutral,0.6377,True
6,neutral,0,angry,0.3373,False
3,happy,2,fear,0.4921,False
3,happy,3,happy,0.9804,True
0,angry,6,neutral,0.7694,False
2,fear,5,surprise,0.5099,False
6,neutral,6,neutral,0.6965,True
2,fear,2,fear,0.4652,True
6,neutral,6,neutral,0.413,True
4,sad,4,sad,0.8699,True
2,fear,5,surprise,0.3589,False
3,happy,3,happy,0.9992,True
6,neutral,6,neutral,0.4045,True
4,sad,4,sad,0.3686,True
4,sad,4,sad,0.3893,True
2,fear,6,neutral,0.8008,False
0,angry,4,sad,0.6363,False
3,happy,3,happy,0.9985,True
6,neutral,6,neutral,0.5822,True
5,surprise,5,surprise,0.4841,True
6,neutral,4,sad,0.7623,False
2,fear,4,sad,0.7878,False
5,surprise,2,fear,0.4855,False
4,sad,6,neutral,0.7875,False
4,sad,4,sad,0.7844,True
0,angry,4,sad,0.6594,False
0,angry,6,neutral,0.3606,False
0,angry,6,neutral,0.4823,False
0,angry,4,sad,0.5111,False
4,sad,4,sad,0.8987,True
6,neutral,6,neutral,0.9265,True
1,disgust,2,fear,0.3044,False
4,sad,5,surprise,0.6156,False
2,fear,5,surprise,0.5543,False
0,angry,6,neutral,0.4248,False
4,sad,6,neutral,0.6119,False
0,angry,6,neutral,0.6057,False
3,happy,3,happy,0.9995,True
5,surprise,5,surprise,0.7643,True
0,angry,2,fear,0.5242,False
0,angry,2,fear,0.3709,False
6,neutral,6,neutral,0.3942,True
3,happy,3,happy,0.9985,True
2,fear,6,neutral,0.787,False
5,surprise,2,fear,0.3398,False
6,neutral,6,neutral,0.9782,True
3,happy,3,happy,0.997,True
4,sad,6,neutral,0.4833,False
6,neutral,6,neutral,0.6784,True
6,neutral,6,neutral,0.6182,True
3,happy,3,happy,0.9529,True
6,neutral,6,neutral,0.5199,True
3,happy,3,happy,0.994,True
0,angry,4,sad,0.5429,False
0,angry,0,angry,0.5063,True
3,happy,3,happy,0.8941,True
3,happy,3,happy,0.9892,True
3,happy,3,happy,0.9376,True
5,surprise,3,happy,0.5647,False
3,happy,3,happy,0.9682,True
0,angry,4,sad,0.6214,False
6,neutral,5,surprise,0.4537,False
4,sad,4,sad,0.679,True
2,fear,2,fear,0.3076,True
0,angry,0,angry,0.8504,True
6,neutral,4,sad,0.42,False
4,sad,6,neutral,0.6916,False
3,happy,3,happy,0.9803,True
3,happy,6,neutral,0.7486,False
5,surprise,5,surprise,0.6459,True
4,sad,0,angry,0.4541,False
5,surprise,5,surprise,0.8934,True
6,neutral,6,neutral,0.9937,True
6,neutral,6,neutral,0.7377,True
2,fear,2,fear,0.5714,True
5,surprise,5,surprise,0.9852,True
6,neutral,6,neutral,0.5452,True
5,surprise,2,fear,0.4368,False
2,fear,4,sad,0.4543,False
6,neutral,6,neutral,0.8062,True
6,neutral,6,neutral,0.8279,True
6,neutral,6,neutral,0.4241,True
0,angry,0,angry,0.7739,True
3,happy,2,fear,0.4413,False
3,happy,3,happy,0.9897,True
3,happy,3,happy,0.738,True
5,surprise,3,happy,0.9688,False
3,happy,3,happy,0.9994,True
2,fear,3,happy,0.4332,False
2,fear,4,sad,0.6385,False
4,sad,6,neutral,0.4628,False
5,surprise,2,fear,0.406,False
0,angry,3,happy,0.4361,False
6,neutral,3,happy,0.9905,False
3,happy,3,happy,0.8302,True
0,angry,6,neutral,0.8045,False
5,surprise,3,happy,0.5584,False
2,fear,2,fear,0.3015,True
0,angry,6,neutral,0.6247,False
6,neutral,6,neutral,0.7601,True
3,happy,3,happy,0.9991,True
5,surprise,3,happy,0.6836,False
0,angry,4,sad,0.2785,False
3,happy,3,happy,0.5115,True
0,angry,5,surprise,0.6434,False
3,happy,4,sad,0.3569,False
0,angry,6,neutral,0.5291,False
4,sad,6,neutral,0.354,False
3,happy,3,happy,0.9805,True
4,sad,3,happy,0.3093,False
5,surprise,5,surprise,0.8431,True
2,fear,4,sad,0.5911,False
4,sad,6,neutral,0.4688,False
3,happy,3,happy,0.4897,True
3,happy,3,happy,0.9998,True
6,neutral,3,happy,0.4903,False
6,neutral,6,neutral,0.9201,True
2,fear,6,neutral,0.8199,False
5,surprise,5,surprise,0.8431,True
5,surprise,5,surprise,0.958,True
0,angry,0,angry,0.3902,True
0,angry,2,fear,0.4493,False
1,disgust,0,angry,0.5511,False
0,angry,0,angry,0.4104,True
3,happy,3,happy,0.9996,True
4,sad,2,fear,0.4485,False
3,happy,3,happy,0.8445,True
0,angry,0,angry,0.6629,True
3,happy,3,happy,0.4312,True
4,sad,4,sad,0.3409,True
3,happy,3,happy,0.9725,True
0,angry,2,fear,0.291,False
3,happy,3,happy,0.9622,True
3,happy,3,happy,0.9948,True
6,neutral,6,neutral,0.9141,True
5,surprise,0,angry,0.3623,False
3,happy,6,neutral,0.4413,False
6,neutral,6,neutral,0.7564,True
3,happy,3,happy,0.981,True
3,happy,3,happy,0.9065,True
4,sad,6,neutral,0.3846,False
4,sad,6,neutral,0.547,False
5,surprise,6,neutral,0.5372,False
6,neutral,0,angry,0.3584,False
3,happy,3,happy,0.9947,True
6,neutral,6,neutral,0.9416,True
3,happy,4,sad,0.3483,False
4,sad,0,angry,0.4749,False
4,sad,4,sad,0.4215,True
2,fear,2,fear,0.5327,True
0,angry,6,neutral,0.683,False
3,happy,3,happy,0.9962,True
3,happy,3,happy,0.9913,True
5,surprise,5,surprise,0.4138,True
5,surprise,5,surprise,0.9371,True
4,sad,3,happy,0.899,False
3,happy,3,happy,0.3541,True
5,surprise,2,fear,0.4007,False
2,fear,3,happy,0.4186,False
3,happy,3,happy,0.9897,True
6,neutral,6,neutral,0.6603,True
6,neutral,6,neutral,0.4938,True
0,angry,3,happy,0.4575,False
4,sad,4,sad,0.5631,True
2,fear,5,surprise,0.5525,False
0,angry,0,angry,0.3764,True
5,surprise,5,surprise,0.9571,True
5,surprise,5,surprise,0.956,True
0,angry,0,angry,0.6091,True
0,angry,3,happy,0.6034,False
3,happy,3,happy,0.9993,True
5,surprise,5,surprise,0.3902,True
6,neutral,6,neutral,0.9689,True
3,happy,3,happy,0.9118,True
3,happy,6,neutral,0.5322,False
6,neutral,2,fear,0.2881,False
6,neutral,6,neutral,0.5439,True
3,happy,4,sad,0.5439,False
4,sad,6,neutral,0.754,False
6,neutral,6,neutral,0.4946,True
2,fear,0,angry,0.581,False
4,sad,5,surprise,0.2693,False
5,surprise,5,surprise,0.7125,True
0,angry,0,angry,0.4324,True
4,sad,4,sad,0.7546,True
3,happy,3,happy,0.9542,True
3,happy,6,neutral,0.7845,False
0,angry,4,sad,0.6012,False
0,angry,0,angry,0.432,True
2,fear,4,sad,0.4975,False
6,neutral,4,sad,0.4009,False
3,happy,3,happy,0.8383,True
3,happy,3,happy,0.9986,True
6,neutral,6,neutral,0.6727,True
3,happy,3,happy,0.9427,True
5,surprise,3,happy,0.7688,False
4,sad,4,sad,0.4856,True
3,happy,3,happy,0.8847,True
6,neutral,2,fear,0.4148,False
3,happy,3,happy,0.994,True
5,surprise,5,surprise,0.7475,True
6,neutral,6,neutral,0.8311,True
0,angry,4,sad,0.4211,False
0,angry,0,angry,0.667,True
0,angry,3,happy,0.6272,False
5,surprise,5,surprise,0.9062,True
3,happy,3,happy,0.9406,True
4,sad,6,neutral,0.615,False
0,angry,0,angry,0.3194,True
0,angry,0,angry,0.3707,True
4,sad,3,happy,0.9258,False
3,happy,3,happy,0.9953,True
5,surprise,5,surprise,0.8805,True
2,fear,5,surprise,0.3725,False
6,neutral,3,happy,0.9944,False
0,angry,4,sad,0.3054,False
1,disgust,0,angry,0.4259,False
3,happy,3,happy,0.9998,True
5,surprise,5,surprise,0.8023,True
4,sad,6,neutral,0.3425,False
0,angry,3,happy,0.4586,False
2,fear,2,fear,0.504,True
6,neutral,4,sad,0.4814,False
4,sad,6,neutral,0.7313,False
2,fear,5,surprise,0.6079,False
2,fear,3,happy,0.9927,False
0,angry,4,sad,0.3717,False
5,surprise,5,surprise,0.5119,True
5,surprise,5,surprise,0.666,True
6,neutral,2,fear,0.3077,False
3,happy,3,happy,0.9827,True
5,surprise,6,neutral,0.2954,False
2,fear,0,angry,0.4307,False
0,angry,0,angry,0.8491,True
6,neutral,6,neutral,0.9533,True
2,fear,6,neutral,0.3652,False
5,surprise,5,surprise,0.6683,True
4,sad,5,surprise,0.3931,False
3,happy,3,happy,0.942,True
0,angry,2,fear,0.3458,False
4,sad,4,sad,0.5466,True
0,angry,4,sad,0.3234,False
3,happy,3,happy,0.9385,True
0,angry,4,sad,0.523,False
0,angry,6,neutral,0.5446,False
5,surprise,5,surprise,0.8769,True
4,sad,4,sad,0.4835,True
5,surprise,2,fear,0.339,False
3,happy,4,sad,0.4755,False
0,angry,4,sad,0.497,False
0,angry,0,angry,0.8799,True
4,sad,4,sad,0.4548,True
3,happy,3,happy,0.5036,True
6,neutral,3,happy,0.7599,False
3,happy,5,surprise,0.7373,False
3,happy,3,happy,0.9936,True
4,sad,0,angry,0.2819,False
6,neutral,6,neutral,0.6821,True
4,sad,4,sad,0.3843,True
3,happy,3,happy,0.9192,True
4,sad,0,angry,0.6268,False
4,sad,4,sad,0.6482,True
0,angry,2,fear,0.5458,False
6,neutral,6,neutral,0.8775,True
0,angry,4,sad,0.4756,False
5,surprise,5,surprise,0.8515,True
4,sad,6,neutral,0.5134,False
3,happy,3,happy,0.9988,True
6,neutral,6,neutral,0.4608,True
3,happy,3,happy,0.9988,True
2,fear,0,angry,0.4897,False
2,fear,0,angry,0.7725,False
5,surprise,5,surprise,0.8921,True
6,neutral,6,neutral,0.319,True
6,neutral,6,neutral,0.8418,True
0,angry,2,fear,0.3955,False
6,neutral,6,neutral,0.8973,True
0,angry,4,sad,0.5089,False
3,happy,3,happy,0.5367,True
2,fear,3,happy,0.7193,False
0,angry,0,angry,0.3453,True
0,angry,4,sad,0.566,False
6,neutral,6,neutral,0.8864,True
6,neutral,0,angry,0.4541,False
5,surprise,5,surprise,0.8234,True
6,neutral,0,angry,0.2253,False
1,disgust,4,sad,0.4565,False
5,surprise,2,fear,0.4549,False
0,angry,4,sad,0.3663,False
4,sad,6,neutral,0.5282,False
5,surprise,5,surprise,0.9216,True
3,happy,3,happy,0.9946,True
0,angry,2,fear,0.3655,False
4,sad,2,fear,0.2427,False
6,neutral,6,neutral,0.4159,True
4,sad,2,fear,0.5796,False
2,fear,6,neutral,0.5146,False
6,neutral,4,sad,0.6057,False
4,sad,4,sad,0.5815,True
0,angry,5,surprise,0.4751,False
3,happy,3,happy,0.8535,True
4,sad,4,sad,0.4101,True
6,neutral,6,neutral,0.6587,True
2,fear,4,sad,0.3343,False
6,neutral,6,neutral,0.9926,True
0,angry,0,angry,0.4362,True
2,fear,0,angry,0.5762,False
6,neutral,2,fear,0.6075,False
2,fear,4,sad,0.5225,False
6,neutral,6,neutral,0.667,True
6,neutral,6,neutral,0.5512,True
0,angry,0,angry,0.3404,True
2,fear,2,fear,0.5364,True
2,fear,2,fear,0.7973,True
3,happy,3,happy,0.6926,True
2,fear,4,sad,0.5625,False
4,sad,4,sad,0.8626,True
5,surprise,5,surprise,0.7186,True
0,angry,0,angry,0.4491,True
3,happy,3,happy,0.9977,True
0,angry,3,happy,0.2621,False
2,fear,2,fear,0.4952,True
6,neutral,2,fear,0.3574,False
6,neutral,4,sad,0.5668,False
0,angry,0,angry,0.4088,True
3,happy,3,happy,0.9955,True
5,surprise,3,happy,0.571,False
0,angry,2,fear,0.6255,False
4,sad,2,fear,0.3667,False
0,angry,6,neutral,0.4966,False
2,fear,4,sad,0.5187,False
2,fear,2,fear,0.718,True
4,sad,4,sad,0.4563,True
3,happy,3,happy,0.922,True
3,happy,3,happy,0.9995,True
2,fear,2,fear,0.5316,True
0,angry,6,neutral,0.7968,False
4,sad,4,sad,0.4928,True
6,neutral,6,neutral,0.623,True
5,surprise,5,surprise,0.9294,True
6,neutral,6,neutral,0.839,True
4,sad,4,sad,0.5204,True
2,fear,3,happy,0.2451,False
0,angry,4,sad,0.4141,False
2,fear,0,angry,0.4387,False
3,happy,3,happy,0.9941,True
0,angry,0,angry,0.6869,True
5,surprise,2,fear,0.4759,False
4,sad,0,angry,0.4059,False
3,happy,3,happy,0.8012,True
6,neutral,6,neutral,0.9339,True
3,happy,3,happy,0.7261,True
3,happy,3,happy,0.8501,True
5,surprise,6,neutral,0.3745,False
3,happy,3,happy,0.9958,True
3,happy,3,happy,0.9991,True
3,happy,3,happy,0.9208,True
0,angry,6,neutral,0.6018,False
0,angry,2,fear,0.3602,False
2,fear,2,fear,0.2489,True
5,surprise,5,surprise,0.7324,True
1,disgust,6,neutral,0.6186,False
3,happy,3,happy,0.9967,True
2,fear,2,fear,0.7482,True
4,sad,2,fear,0.4808,False
1,disgust,4,sad,0.4316,False
6,neutral,3,happy,0.6256,False
0,angry,0,angry,0.8995,True
3,happy,3,happy,0.9996,True
0,angry,6,neutral,0.8293,False
2,fear,0,angry,0.6409,False
0,angry,5,surprise,0.5133,False
3,happy,4,sad,0.7443,False
2,fear,4,sad,0.6847,False
2,fear,3,happy,0.9039,False
3,happy,3,happy,0.8819,True
5,surprise,2,fear,0.4837,False
1,disgust,0,angry,0.4279,False
3,happy,3,happy,0.9987,True
5,surprise,5,surprise,0.9589,True
4,sad,4,sad,0.7367,True
6,neutral,0,angry,0.3986,False
2,fear,4,sad,0.7451,False
3,happy,6,neutral,0.6989,False
4,sad,4,sad,0.7985,True
2,fear,5,surprise,0.929,False
0,angry,0,angry,0.3951,True
0,angry,0,angry,0.6271,True
6,neutral,6,neutral,0.48,True
2,fear,6,neutral,0.351,False
4,sad,4,sad,0.5239,True
5,surprise,5,surprise,0.9044,True
0,angry,0,angry,0.6469,True
3,happy,3,happy,0.3231,True
5,surprise,5,surprise,0.6383,True
0,angry,4,sad,0.5604,False
3,happy,3,happy,0.9996,True
3,happy,3,happy,0.7312,True
0,angry,6,neutral,0.6966,False
4,sad,6,neutral,0.822,False
3,happy,3,happy,0.9816,True
0,angry,0,angry,0.4946,True
4,sad,4,sad,0.8337,True
6,neutral,6,neutral,0.9577,True
3,happy,3,happy,0.8531,True
0,angry,0,angry,0.3323,True
4,sad,6,neutral,0.5455,False
6,neutral,6,neutral,0.5988,True
2,fear,4,sad,0.6587,False
3,happy,3,happy,0.9551,True
3,happy,3,happy,0.8536,True
0,angry,0,angry,0.528,True
4,sad,4,sad,0.5448,True
6,neutral,3,happy,0.6641,False
0,angry,4,sad,0.744,False
0,angry,6,neutral,0.504,False
2,fear,0,angry,0.3759,False
0,angry,3,happy,0.3973,False
2,fear,0,angry,0.7043,False
3,happy,3,happy,0.9735,True
2,fear,2,fear,0.2693,True
3,happy,3,happy,0.6563,True
3,happy,3,happy,0.9822,True
1,disgust,4,sad,0.4217,False
4,sad,4,sad,0.4364,True
2,fear,4,sad,0.512,False
6,neutral,3,happy,0.8053,False
3,happy,3,happy,1.0,True
2,fear,2,fear,0.6073,True
3,happy,3,happy,0.9997,True
4,sad,6,neutral,0.4888,False
5,surprise,2,fear,0.5081,False
2,fear,0,angry,0.6948,False
3,happy,3,happy,0.6093,True
0,angry,0,angry,0.6607,True
4,sad,6,neutral,0.7674,False
2,fear,2,fear,0.3557,True
6,neutral,6,neutral,0.9048,True
2,fear,3,happy,0.3525,False
3,happy,3,happy,0.9921,True
3,happy,6,neutral,0.5372,False
2,fear,0,angry,0.6897,False
2,fear,4,sad,0.3328,False
2,fear,5,surprise,0.6163,False
6,neutral,4,sad,0.6668,False
6,neutral,3,happy,0.3886,False
4,sad,4,sad,0.7371,True
4,sad,4,sad,0.4951,True
2,fear,4,sad,0.6524,False
3,happy,6,neutral,0.4594,False
4,sad,6,neutral,0.35,False
3,happy,3,happy,0.9546,True
3,happy,3,happy,0.6001,True
0,angry,0,angry,0.4031,True
0,angry,6,neutral,0.452,False
4,sad,3,happy,0.4976,False
3,happy,3,happy,0.9962,True
6,neutral,6,neutral,0.5385,True
2,fear,4,sad,0.4215,False
0,angry,4,sad,0.4744,False
3,happy,3,happy,0.9857,True
2,fear,5,surprise,0.5487,False
5,surprise,0,angry,0.328,False
3,happy,3,happy,0.991,True
6,neutral,6,neutral,0.513,True
4,sad,4,sad,0.8163,True
2,fear,4,sad,0.4028,False
3,happy,3,happy,0.9808,True
6,neutral,4,sad,0.6164,False
5,surprise,5,surprise,0.684,True
5,surprise,3,happy,0.3585,False
5,surprise,5,surprise,0.8297,True
6,neutral,3,happy,0.6749,False
3,happy,3,happy,0.4293,True
3,happy,3,happy,0.8791,True
4,sad,4,sad,0.7043,True
2,fear,4,sad,0.5773,False
6,neutral,6,neutral,0.5988,True
3,happy,3,happy,0.9947,True
1,disgust,2,fear,0.3314,False
2,fear,6,neutral,0.2534,False
5,surprise,5,surprise,0.9063,True
0,angry,3,happy,0.9999,False
5,surprise,5,surprise,0.8678,True
4,sad,4,sad,0.7672,True
0,angry,4,sad,0.7203,False
3,happy,3,happy,0.9802,True
0,angry,0,angry,0.4199,True
3,happy,3,happy,0.9969,True
0,angry,4,sad,0.4115,False
0,angry,6,neutral,0.7594,False
6,neutral,4,sad,0.6141,False
0,angry,6,neutral,0.4351,False
4,sad,4,sad,0.6647,True
3,happy,3,happy,0.9914,True
3,happy,3,happy,0.9451,True
4,sad,4,sad,0.6492,True
4,sad,6,neutral,0.3961,False
3,happy,6,neutral,0.4122,False
2,fear,0,angry,0.4087,False
4,sad,4,sad,0.369,True
5,surprise,5,surprise,0.8793,True
4,sad,4,sad,0.6151,True
3,happy,3,happy,0.9682,True
0,angry,2,fear,0.2608,False
4,sad,4,sad,0.5834,True
2,fear,5,surprise,0.4564,False
3,happy,5,surprise,0.5862,False
5,surprise,5,surprise,0.6833,True
6,neutral,4,sad,0.3362,False
3,happy,3,happy,0.991,True
4,sad,0,angry,0.4169,False
6,neutral,3,happy,0.9855,False
5,surprise,5,surprise,0.4077,True
4,sad,6,neutral,0.5578,False
4,sad,4,sad,0.3975,True
2,fear,0,angry,0.4906,False
4,sad,4,sad,0.4064,True
0,angry,3,happy,0.4829,False
0,angry,0,angry,0.5279,True
3,happy,3,happy,0.952,True
6,neutral,6,neutral,0.5819,True
3,happy,3,happy,0.7489,True
6,neutral,6,neutral,0.6188,True
3,happy,3,happy,0.9577,True
4,sad,4,sad,0.6494,True
3,happy,3,happy,0.9718,True
6,neutral,6,neutral,0.8678,True
2,fear,4,sad,0.3609,False
0,angry,0,angry,0.6553,True
3,happy,3,happy,0.9897,True
6,neutral,3,happy,0.9797,False
6,neutral,4,sad,0.5662,False
0,angry,0,angry,0.758,True
2,fear,0,angry,0.6845,False
2,fear,4,sad,0.5197,False
2,fear,4,sad,0.3929,False
5,surprise,5,surprise,0.7105,True
6,neutral,6,neutral,0.7484,True
6,neutral,6,neutral,0.8431,True
3,happy,3,happy,0.9942,True
6,neutral,6,neutral,0.553,True
6,neutral,4,sad,0.5207,False
3,happy,0,angry,0.2371,False
2,fear,0,angry,0.8475,False
5,surprise,6,neutral,0.2783,False
6,neutral,0,angry,0.4086,False
6,neutral,6,neutral,0.9235,True
3,happy,3,happy,0.8416,True
6,neutral,6,neutral,0.9802,True
3,happy,3,happy,0.983,True
3,happy,3,happy,0.9987,True
0,angry,2,fear,0.4947,False
3,happy,3,happy,0.9995,True
4,sad,4,sad,0.7994,True
0,angry,6,neutral,0.5798,False
6,neutral,0,angry,0.452,False
5,surprise,5,surprise,0.9962,True
3,happy,3,happy,0.9999,True
6,neutral,3,happy,0.7552,False
6,neutral,6,neutral,0.8786,True
0,angry,2,fear,0.5169,False
1,disgust,3,happy,0.3222,False
3,happy,3,happy,0.5399,True
3,happy,3,happy,0.432,True
3,happy,3,happy,0.462,True
2,fear,3,happy,0.8088,False
0,angry,3,happy,0.2314,False
3,happy,3,happy,0.998,True
0,angry,3,happy,0.9922,False
4,sad,4,sad,0.7662,True
5,surprise,5,surprise,0.7331,True
4,sad,6,neutral,0.558,False
6,neutral,6,neutral,0.726,True
3,happy,3,happy,0.7776,True
5,surprise,6,neutral,0.3653,False
3,happy,3,happy,0.9964,True
6,neutral,6,neutral,0.9066,True
5,surprise,5,surprise,0.3967,True
2,fear,2,fear,0.4913,True
3,happy,3,happy,0.9034,True
6,neutral,6,neutral,0.6147,True
0,angry,6,neutral,0.8745,False
6,neutral,6,neutral,0.5832,True
3,happy,3,happy,0.9936,True
4,sad,4,sad,0.4795,True
0,angry,2,fear,0.2297,False
3,happy,3,happy,0.9987,True
3,happy,3,happy,0.9994,True
6,neutral,6,neutral,0.6411,True
0,angry,3,happy,0.3724,False
0,angry,0,angry,0.562,True
0,angry,0,angry,0.3604,True
3,happy,4,sad,0.4052,False
4,sad,6,neutral,0.4957,False
6,neutral,6,neutral,0.5649,True
3,happy,3,happy,0.9516,True
3,happy,0,angry,0.8036,False
5,surprise,5,surprise,0.9145,True
3,happy,3,happy,0.9959,True
3,happy,3,happy,0.9999,True
4,sad,0,angry,0.6057,False
3,happy,3,happy,0.9706,True
4,sad,0,angry,0.3009,False
0,angry,4,sad,0.5755,False
6,neutral,6,neutral,0.8721,True
5,surprise,5,surprise,0.5637,True
0,angry,2,fear,0.4196,False
0,angry,2,fear,0.6058,False
6,neutral,6,neutral,0.2935,True
3,happy,3,happy,0.9983,True
2,fear,6,neutral,0.4467,False
4,sad,6,neutral,0.555,False
5,surprise,5,surprise,0.4405,True
4,sad,4,sad,0.6469,True
2,fear,2,fear,0.4125,True
3,happy,3,happy,0.9967,True
4,sad,4,sad,0.6054,True
3,happy,3,happy,0.5315,True
4,sad,4,sad,0.3765,True
4,sad,4,sad,0.5627,True
4,sad,0,angry,0.2798,False
6,neutral,6,neutral,0.7995,True
2,fear,5,surprise,0.5449,False
4,sad,4,sad,0.2895,True
0,angry,0,angry,0.5646,True
6,neutral,2,fear,0.4823,False
6,neutral,0,angry,0.2563,False
5,surprise,5,surprise,0.8227,True
0,angry,2,fear,0.3057,False
6,neutral,3,happy,0.3743,False
3,happy,3,happy,0.9785,True
6,neutral,6,neutral,0.8205,True
3,happy,3,happy,0.7919,True
4,sad,6,neutral,0.5403,False
0,angry,6,neutral,0.3803,False
6,neutral,4,sad,0.6129,False
3,happy,3,happy,0.9987,True
4,sad,2,fear,0.4376,False
6,neutral,3,happy,0.7965,False
6,neutral,4,sad,0.4404,False
6,neutral,4,sad,0.5375,False
0,angry,0,angry,0.3575,True
2,fear,4,sad,0.4174,False
3,happy,3,happy,0.9986,True
2,fear,5,surprise,0.7405,False
0,angry,0,angry,0.46,True
6,neutral,3,happy,0.3223,False
0,angry,4,sad,0.5982,False
3,happy,3,happy,0.9994,True
0,angry,6,neutral,0.9259,False
5,surprise,5,surprise,0.7361,True
4,sad,6,neutral,0.5455,False
3,happy,3,happy,0.9758,True
6,neutral,6,neutral,0.251,True
0,angry,0,angry,0.504,True
0,angry,4,sad,0.54,False
2,fear,4,sad,0.7819,False
4,sad,4,sad,0.9265,True
3,happy,3,happy,0.9188,True
6,neutral,0,angry,0.345,False
3,happy,3,happy,0.9839,True
2,fear,5,surprise,0.4429,False
3,happy,3,happy,0.8125,True
6,neutral,6,neutral,0.4119,True
6,neutral,6,neutral,0.3525,True
3,happy,3,happy,0.9502,True
2,fear,4,sad,0.7831,False
0,angry,0,angry,0.5328,True
6,neutral,4,sad,0.6424,False
4,sad,4,sad,0.8635,True
2,fear,3,happy,0.3649,False
2,fear,2,fear,0.4284,True
2,fear,2,fear,0.256,True
4,sad,4,sad,0.455,True
0,angry,6,neutral,0.4026,False
0,angry,3,happy,0.5943,False
4,sad,6,neutral,0.4715,False
5,surprise,5,surprise,0.476,True
4,sad,2,fear,0.3888,False
6,neutral,6,neutral,0.8104,True
6,neutral,6,neutral,0.6929,True
3,happy,3,happy,0.9381,True
3,happy,3,happy,0.9945,True
6,neutral,3,happy,0.8687,False
0,angry,6,neutral,0.5245,False
4,sad,4,sad,0.6569,True
1,disgust,6,neutral,0.3537,False
6,neutral,4,sad,0.4997,False
3,happy,3,happy,0.9858,True
5,surprise,5,surprise,0.6988,True
2,fear,2,fear,0.2747,True
3,happy,3,happy,0.3727,True
6,neutral,4,sad,0.2694,False
2,fear,4,sad,0.7529,False
4,sad,0,angry,0.4105,False
4,sad,0,angry,0.4039,False
6,neutral,6,neutral,0.8837,True
6,neutral,6,neutral,0.6207,True
0,angry,3,happy,0.9697,False
3,happy,3,happy,0.9938,True
3,happy,6,neutral,0.5856,False
0,angry,2,fear,0.2831,False
6,neutral,6,neutral,0.3524,True
6,neutral,0,angry,0.3232,False
6,neutral,4,sad,0.4734,False
4,sad,3,happy,0.4584,False
3,happy,3,happy,0.9082,True
6,neutral,6,neutral,0.4383,True
3,happy,2,fear,0.2363,False
4,sad,6,neutral,0.5557,False
2,fear,2,fear,0.7526,True
6,neutral,6,neutral,0.3154,True
4,sad,6,neutral,0.8836,False
2,fear,5,surprise,0.8991,False
0,angry,2,fear,0.3695,False
4,sad,6,neutral,0.2194,False
3,happy,3,happy,0.9733,True
3,happy,3,happy,0.9986,True
4,sad,4,sad,0.4395,True
0,angry,2,fear,0.5695,False
6,neutral,3,happy,0.9762,False
0,angry,2,fear,0.3287,False
4,sad,6,neutral,0.4604,False
3,happy,6,neutral,0.2482,False
1,disgust,2,fear,0.4699,False
3,happy,6,neutral,0.3801,False
2,fear,6,neutral,0.2592,False
5,surprise,5,surprise,0.9385,True
6,neutral,6,neutral,0.7267,True
4,sad,4,sad,0.6415,True
4,sad,6,neutral,0.8411,False
3,happy,3,happy,0.9696,True
2,fear,4,sad,0.2717,False
6,neutral,6,neutral,0.9814,True
4,sad,2,fear,0.2691,False
6,neutral,6,neutral,0.7964,True
3,happy,3,happy,0.9928,True
3,happy,3,happy,0.9993,True
6,neutral,6,neutral,0.9581,True
2,fear,4,sad,0.7674,False
2,fear,2,fear,0.3815,True
3,happy,3,happy,0.9957,True
2,fear,2,fear,0.5422,True
6,neutral,6,neutral,0.8392,True
0,angry,4,sad,0.3758,False
4,sad,0,angry,0.6271,False
0,angry,0,angry,0.3491,True
1,disgust,4,sad,0.2821,False
4,sad,4,sad,0.4228,True
5,surprise,5,surprise,0.8071,True
0,angry,0,angry,0.4681,True
6,neutral,6,neutral,0.7604,True
2,fear,6,neutral,0.8535,False
4,sad,3,happy,0.547,False
2,fear,5,surprise,0.5706,False
5,surprise,5,surprise,0.5835,True
4,sad,4,sad,0.6138,True
6,neutral,6,neutral,0.7755,True
3,happy,3,happy,0.8882,True
5,surprise,5,surprise,0.9588,True
6,neutral,2,fear,0.3505,False
3,happy,3,happy,0.9983,True
0,angry,0,angry,0.6237,True
5,surprise,5,surprise,0.6784,True
3,happy,3,happy,0.9447,True
2,fear,2,fear,0.4912,True
6,neutral,6,neutral,0.9086,True
1,disgust,0,angry,0.4643,False
4,sad,4,sad,0.4637,True
3,happy,3,happy,0.558,True
6,neutral,4,sad,0.6369,False
3,happy,3,happy,0.8076,True
4,sad,4,sad,0.4611,True
0,angry,0,angry,0.6802,True
3,happy,3,happy,0.9997,True
0,angry,0,angry,0.4111,True
6,neutral,6,neutral,0.9737,True
4,sad,4,sad,0.7247,True
4,sad,2,fear,0.3968,False
0,angry,6,neutral,0.8607,False
5,surprise,5,surprise,0.8979,True
6,neutral,6,neutral,0.8847,True
2,fear,4,sad,0.4403,False
2,fear,6,neutral,0.3206,False
4,sad,4,sad,0.4899,True
4,sad,4,sad,0.5568,True
4,sad,4,sad,0.4565,True
0,angry,6,neutral,0.4979,False
6,neutral,3,happy,0.6234,False
0,angry,5,surprise,0.6833,False
5,surprise,5,surprise,0.8898,True
0,angry,3,happy,0.5556,False
3,happy,3,happy,0.987,True
0,angry,2,fear,0.2841,False
2,fear,0,angry,0.4914,False
4,sad,6,neutral,0.4181,False
1,disgust,0,angry,0.402,False
5,surprise,2,fear,0.4834,False
3,happy,3,happy,0.9978,True
2,fear,2,fear,0.3955,True
3,happy,3,happy,0.9889,True
4,sad,2,fear,0.4024,False
0,angry,6,neutral,0.9219,False
0,angry,2,fear,0.3768,False
3,happy,0,angry,0.5089,False
3,happy,3,happy,0.9304,True
2,fear,4,sad,0.4747,False
2,fear,6,neutral,0.5388,False
2,fear,6,neutral,0.9282,False
2,fear,5,surprise,0.6212,False
2,fear,6,neutral,0.857,False
3,happy,3,happy,0.9957,True
3,happy,3,happy,0.6544,True
6,neutral,6,neutral,0.7099,True
6,neutral,0,angry,0.3441,False
4,sad,3,happy,0.7933,False
6,neutral,6,neutral,0.802,True
6,neutral,6,neutral,0.3958,True
4,sad,4,sad,0.5648,True
3,happy,3,happy,1.0,True
0,angry,0,angry,0.7521,True
6,neutral,4,sad,0.5124,False
2,fear,2,fear,0.3619,True
3,happy,3,happy,0.9782,True
6,neutral,3,happy,0.5799,False
3,happy,3,happy,0.8272,True
5,surprise,5,surprise,0.5645,True
4,sad,2,fear,0.3862,False
2,fear,5,surprise,0.3339,False
2,fear,0,angry,0.4202,False
5,surprise,4,sad,0.5067,False
2,fear,6,neutral,0.2486,False
3,happy,3,happy,0.9969,True
4,sad,2,fear,0.4801,False
2,fear,2,fear,0.632,True
3,happy,3,happy,0.9993,True
0,angry,6,neutral,0.7118,False
6,neutral,6,neutral,0.871,True
2,fear,3,happy,0.9652,False
4,sad,4,sad,0.4918,True
3,happy,6,neutral,0.8397,False
6,neutral,3,happy,0.3166,False
1,disgust,4,sad,0.4807,False
2,fear,4,sad,0.3908,False
4,sad,4,sad,0.602,True
3,happy,3,happy,0.9591,True
3,happy,3,happy,0.7385,True
2,fear,5,surprise,0.5056,False
4,sad,6,neutral,0.979,False
6,neutral,6,neutral,0.3646,True
3,happy,3,happy,0.9991,True
5,surprise,5,surprise,0.8284,True
6,neutral,4,sad,0.4695,False
4,sad,2,fear,0.4257,False
5,surprise,5,surprise,0.8352,True
4,sad,4,sad,0.8338,True
0,angry,4,sad,0.4783,False
0,angry,0,angry,0.5179,True
0,angry,0,angry,0.7739,True
4,sad,4,sad,0.5895,True
5,surprise,5,surprise,0.9063,True
0,angry,3,happy,0.8723,False
3,happy,3,happy,0.9887,True
3,happy,6,neutral,0.5566,False
3,happy,3,happy,0.9928,True
0,angry,4,sad,0.5757,False
3,happy,3,happy,0.9814,True
2,fear,0,angry,0.4436,False
6,neutral,6,neutral,0.9431,True
0,angry,6,neutral,0.3739,False
2,fear,6,neutral,0.7343,False
3,happy,3,happy,0.9982,True
3,happy,3,happy,0.9993,True
3,happy,3,happy,0.9986,True
5,surprise,2,fear,0.5296,False
0,angry,0,angry,0.7897,True
3,happy,0,angry,0.5577,False
3,happy,3,happy,0.9998,True
3,happy,3,happy,0.9935,True
0,angry,6,neutral,0.464,False
4,sad,4,sad,0.5085,True
4,sad,6,neutral,0.4297,False
3,happy,3,happy,0.9862,True
6,neutral,6,neutral,0.9569,True
0,angry,0,angry,0.3799,True
2,fear,0,angry,0.4868,False
4,sad,4,sad,0.7554,True
0,angry,2,fear,0.4427,False
3,happy,6,neutral,0.7228,False
3,happy,0,angry,0.3651,False
2,fear,4,sad,0.6807,False
3,happy,3,happy,0.9906,True
6,neutral,6,neutral,0.6448,True
3,happy,3,happy,0.9993,True
3,happy,3,happy,0.9964,True
3,happy,3,happy,0.9952,True
0,angry,0,angry,0.5039,True
4,sad,4,sad,0.3767,True
6,neutral,6,neutral,0.4608,True
0,angry,2,fear,0.2176,False
5,surprise,5,surprise,0.8972,True
3,happy,3,happy,0.9848,True
6,neutral,6,neutral,0.3545,True
1,disgust,0,angry,0.4443,False
2,fear,6,neutral,0.4976,False
0,angry,0,angry,0.3084,True
1,disgust,0,angry,0.463,False
2,fear,2,fear,0.338,True
0,angry,6,neutral,0.3711,False
6,neutral,6,neutral,0.3979,True
5,surprise,5,surprise,0.9901,True
3,happy,3,happy,0.8033,True
0,angry,0,angry,0.4406,True
5,surprise,5,surprise,0.9297,True
0,angry,6,neutral,0.8327,False
6,neutral,6,neutral,0.8301,True
3,happy,0,angry,0.3224,False
2,fear,2,fear,0.767,True
3,happy,3,happy,0.3669,True
5,surprise,3,happy,0.5582,False
3,happy,3,happy,0.9988,True
3,happy,4,sad,0.4921,False
3,happy,3,happy,0.9915,True
0,angry,0,angry,0.5243,True
1,disgust,2,fear,0.3097,False
6,neutral,2,fear,0.3962,False
4,sad,4,sad,0.6965,True
4,sad,4,sad,0.7657,True
0,angry,3,happy,0.4457,False
3,happy,3,happy,0.3812,True
2,fear,3,happy,0.698,False
6,neutral,6,neutral,0.483,True
0,angry,0,angry,0.5616,True
0,angry,0,angry,0.4975,True
6,neutral,4,sad,0.3576,False
3,happy,3,happy,0.9981,True
3,happy,3,happy,0.9955,True
3,happy,6,neutral,0.4526,False
5,surprise,5,surprise,0.6821,True
3,happy,3,happy,0.9941,True
2,fear,4,sad,0.8925,False
3,happy,3,happy,0.9624,True
3,happy,3,happy,0.9221,True
6,neutral,3,happy,0.8046,False
5,surprise,5,surprise,0.9826,True
4,sad,4,sad,0.6166,True
3,happy,3,happy,0.9345,True
3,happy,3,happy,0.9894,True
4,sad,4,sad,0.3751,True
2,fear,2,fear,0.432,True
0,angry,4,sad,0.3746,False
2,fear,2,fear,0.4237,True
3,happy,3,happy,0.9557,True
5,surprise,2,fear,0.402,False
6,neutral,6,neutral,0.9229,True
6,neutral,2,fear,0.2712,False
0,angry,6,neutral,0.3043,False
6,neutral,4,sad,0.4669,False
3,happy,3,happy,0.9811,True
2,fear,0,angry,0.4452,False
1,disgust,0,angry,0.5247,False
2,fear,2,fear,0.3189,True
2,fear,0,angry,0.481,False
3,happy,4,sad,0.5246,False
4,sad,2,fear,0.3962,False
4,sad,4,sad,0.4269,True
3,happy,3,happy,0.9107,True
5,surprise,5,surprise,0.7659,True
4,sad,4,sad,0.8037,True
4,sad,4,sad,0.4372,True
6,neutral,6,neutral,0.8086,True
4,sad,4,sad,0.6744,True
3,happy,3,happy,0.9184,True
4,sad,3,happy,0.2563,False
2,fear,0,angry,0.6279,False
2,fear,4,sad,0.7052,False
6,neutral,3,happy,0.9982,False
6,neutral,6,neutral,0.3069,True
6,neutral,4,sad,0.318,False
4,sad,4,sad,0.5925,True
6,neutral,4,sad,0.4134,False
4,sad,3,happy,0.9588,False
4,sad,4,sad,0.4492,True
3,happy,3,happy,0.2292,True
3,happy,3,happy,0.9668,True
5,surprise,5,surprise,0.7538,True
5,surprise,5,surprise,0.9674,True
2,fear,4,sad,0.8425,False
5,surprise,5,surprise,0.7195,True
2,fear,5,surprise,0.5591,False
4,sad,4,sad,0.6726,True
6,neutral,3,happy,0.9997,False
5,surprise,2,fear,0.3915,False
6,neutral,6,neutral,0.5319,True
2,fear,0,angry,0.4781,False
2,fear,4,sad,0.4486,False
0,angry,4,sad,0.3514,False
0,angry,2,fear,0.3852,False
2,fear,4,sad,0.8244,False
6,neutral,6,neutral,0.4525,True
3,happy,3,happy,0.9998,True
3,happy,4,sad,0.4616,False
0,angry,0,angry,0.5619,True
6,neutral,3,happy,0.986,False
3,happy,6,neutral,0.6631,False
5,surprise,5,surprise,0.9746,True
5,surprise,5,surprise,0.8554,True
4,sad,4,sad,0.6866,True
0,angry,0,angry,0.8208,True
0,angry,3,happy,0.9658,False
6,neutral,6,neutral,0.6987,True
2,fear,5,surprise,0.9021,False
5,surprise,5,surprise,0.8753,True
2,fear,2,fear,0.3683,True
3,happy,3,happy,0.9987,True
1,disgust,0,angry,0.5142,False
3,happy,3,happy,0.9897,True
5,surprise,5,surprise,0.983,True
3,happy,6,neutral,0.6391,False
4,sad,4,sad,0.4191,True
5,surprise,3,happy,0.9673,False
4,sad,3,happy,0.3519,False
0,angry,5,surprise,0.6003,False
4,sad,6,neutral,0.6491,False
3,happy,6,neutral,0.6794,False
6,neutral,3,happy,0.8183,False
0,angry,2,fear,0.4232,False
3,happy,3,happy,0.9016,True
0,angry,0,angry,0.35,True
6,neutral,6,neutral,0.7127,True
3,happy,3,happy,0.999,True
5,surprise,5,surprise,0.8769,True
5,surprise,2,fear,0.394,False
6,neutral,2,fear,0.4202,False
4,sad,2,fear,0.4213,False
3,happy,3,happy,0.5667,True
5,surprise,6,neutral,0.4255,False
1,disgust,0,angry,0.4503,False
3,happy,3,happy,0.9989,True
3,happy,3,happy,0.9999,True
6,neutral,6,neutral,0.8511,True
5,surprise,4,sad,0.3535,False
4,sad,4,sad,0.7451,True
4,sad,2,fear,0.508,False
3,happy,3,happy,0.9861,True
2,fear,6,neutral,0.3733,False
6,neutral,6,neutral,0.5781,True
2,fear,0,angry,0.5459,False
2,fear,3,happy,0.6058,False
4,sad,6,neutral,0.6348,False
3,happy,3,happy,0.7226,True
4,sad,4,sad,0.3707,True
2,fear,0,angry,0.4973,False
0,angry,0,angry,0.86,True
2,fear,3,happy,0.3235,False
4,sad,4,sad,0.4781,True
2,fear,0,angry,0.6032,False
4,sad,4,sad,0.7852,True
0,angry,2,fear,0.3537,False
4,sad,6,neutral,0.7256,False
4,sad,4,sad,0.9142,True
2,fear,4,sad,0.5119,False
4,sad,0,angry,0.5125,False
2,fear,0,angry,0.3944,False
2,fear,2,fear,0.3477,True
3,happy,3,happy,0.9958,True
5,surprise,2,fear,0.4709,False
4,sad,4,sad,0.3711,True
3,happy,3,happy,0.9938,True
4,sad,6,neutral,0.7694,False
3,happy,3,happy,0.991,True
3,happy,3,happy,0.9983,True
4,sad,4,sad,0.4836,True
3,happy,3,happy,0.9265,True
4,sad,2,fear,0.3243,False
2,fear,0,angry,0.8268,False
2,fear,0,angry,0.3443,False
3,happy,3,happy,0.998,True
2,fear,2,fear,0.3842,True
0,angry,3,happy,0.6434,False
3,happy,3,happy,0.9965,True
4,sad,4,sad,0.7784,True
6,neutral,3,happy,0.4644,False
6,neutral,4,sad,0.4068,False
2,fear,4,sad,0.6802,False
3,happy,3,happy,0.9738,True
5,surprise,2,fear,0.4768,False
5,surprise,5,surprise,0.8954,True
1,disgust,4,sad,0.3692,False
2,fear,0,angry,0.3689,False
5,surprise,5,surprise,0.8008,True
5,surprise,5,surprise,0.8798,True
2,fear,5,surprise,0.6383,False
0,angry,0,angry,0.357,True
4,sad,5,surprise,0.5147,False
3,happy,3,happy,0.9739,True
4,sad,0,angry,0.35,False
6,neutral,6,neutral,0.9613,True
6,neutral,4,sad,0.4976,False
3,happy,3,happy,0.999,True
2,fear,2,fear,0.4626,True
5,surprise,5,surprise,0.9217,True
6,neutral,6,neutral,0.875,True
3,happy,0,angry,0.489,False
3,happy,3,happy,0.9627,True
2,fear,6,neutral,0.9029,False
0,angry,2,fear,0.5565,False
6,neutral,0,angry,0.238,False
3,happy,3,happy,0.9984,True
4,sad,4,sad,0.7873,True
4,sad,4,sad,0.4645,True
6,neutral,3,happy,0.9993,False
6,neutral,6,neutral,0.6411,True
2,fear,0,angry,0.3959,False
5,surprise,5,surprise,0.8269,True
4,sad,4,sad,0.3989,True
2,fear,4,sad,0.4356,False
4,sad,3,happy,0.243,False
3,happy,3,happy,1.0,True
6,neutral,6,neutral,0.8363,True
0,angry,0,angry,0.5678,True
2,fear,6,neutral,0.3596,False
2,fear,6,neutral,0.9406,False
3,happy,3,happy,0.9989,True
0,angry,6,neutral,0.704,False
6,neutral,6,neutral,0.3526,True
6,neutral,6,neutral,0.8106,True
4,sad,4,sad,0.4092,True
6,neutral,6,neutral,0.8793,True
3,happy,3,happy,0.275,True
4,sad,4,sad,0.8138,True
3,happy,3,happy,0.9845,True
6,neutral,6,neutral,0.9773,True
6,neutral,6,neutral,0.5888,True
0,angry,3,happy,0.373,False
5,surprise,5,surprise,0.8313,True
0,angry,2,fear,0.5565,False
4,sad,3,happy,0.981,False
6,neutral,6,neutral,0.8479,True
0,angry,3,happy,0.4745,False
2,fear,4,sad,0.6014,False
5,surprise,5,surprise,0.7055,True
4,sad,4,sad,0.5507,True
6,neutral,3,happy,0.5283,False
2,fear,5,surprise,0.4211,False
6,neutral,2,fear,0.5852,False
4,sad,3,happy,0.7334,False
2,fear,4,sad,0.4883,False
3,happy,3,happy,0.9968,True
2,fear,4,sad,0.5486,False
6,neutral,6,neutral,0.8797,True
0,angry,4,sad,0.5594,False
5,surprise,5,surprise,0.8345,True
3,happy,3,happy,0.998,True
4,sad,4,sad,0.3678,True
2,fear,5,surprise,0.7384,False
6,neutral,6,neutral,0.3121,True
6,neutral,6,neutral,0.9812,True
0,angry,0,angry,0.5163,True
3,happy,4,sad,0.6618,False
3,happy,3,happy,0.9972,True
4,sad,4,sad,0.3884,True
0,angry,0,angry,0.9176,True
6,neutral,6,neutral,0.4758,True
6,neutral,5,surprise,0.6869,False
3,happy,3,happy,0.9961,True
4,sad,0,angry,0.5718,False
5,surprise,6,neutral,0.6556,False
6,neutral,4,sad,0.604,False
6,neutral,6,neutral,0.5002,True
6,neutral,4,sad,0.5509,False
4,sad,4,sad,0.4576,True
0,angry,0,angry,0.6944,True
3,happy,3,happy,0.985,True
3,happy,3,happy,0.9997,True
4,sad,6,neutral,0.5848,False
4,sad,0,angry,0.6197,False
2,fear,2,fear,0.6552,True
6,neutral,0,angry,0.5419,False
6,neutral,0,angry,0.2946,False
4,sad,4,sad,0.808,True
5,surprise,3,happy,0.5471,False
6,neutral,6,neutral,0.6749,True
5,surprise,5,surprise,0.966,True
3,happy,3,happy,0.9912,True
6,neutral,6,neutral,0.4847,True
3,happy,3,happy,0.9997,True
4,sad,2,fear,0.3176,False
5,surprise,5,surprise,0.8656,True
4,sad,3,happy,0.7042,False
2,fear,2,fear,0.5326,True
5,surprise,5,surprise,0.6413,True
4,sad,4,sad,0.2908,True
4,sad,4,sad,0.6016,True
3,happy,3,happy,0.4097,True
2,fear,4,sad,0.531,False
6,neutral,6,neutral,0.9148,True
4,sad,2,fear,0.5704,False
2,fear,4,sad,0.4261,False
2,fear,5,surprise,0.4457,False
3,happy,3,happy,0.9968,True
3,happy,3,happy,0.9952,True
0,angry,0,angry,0.4377,True
0,angry,2,fear,0.2966,False
4,sad,4,sad,0.6362,True
4,sad,4,sad,0.4062,True
2,fear,6,neutral,0.5305,False
4,sad,6,neutral,0.7122,False
5,surprise,5,surprise,0.4369,True
4,sad,3,happy,0.6998,False
3,happy,3,happy,0.9399,True
0,angry,6,neutral,0.6805,False
0,angry,6,neutral,0.5569,False
2,fear,4,sad,0.5814,False
5,surprise,5,surprise,0.5957,True
4,sad,3,happy,0.2531,False
6,neutral,6,neutral,0.2993,True
6,neutral,6,neutral,0.9385,True
4,sad,0,angry,0.3642,False
6,neutral,6,neutral,0.3854,True
6,neutral,2,fear,0.325,False
6,neutral,5,surprise,0.5783,False
3,happy,3,happy,0.9488,True
3,happy,3,happy,0.6967,True
6,neutral,6,neutral,0.7853,True
5,surprise,3,happy,0.9869,False
4,sad,4,sad,0.7583,True
3,happy,3,happy,0.8875,True
3,happy,3,happy,0.9966,True
6,neutral,6,neutral,0.5181,True
6,neutral,4,sad,0.4516,False
0,angry,0,angry,0.5619,True
5,surprise,5,surprise,0.9611,True
4,sad,4,sad,0.5307,True
3,happy,6,neutral,0.9771,False
3,happy,3,happy,0.9919,True
6,neutral,3,happy,0.7909,False
0,angry,0,angry,0.5116,True
1,disgust,5,surprise,0.5392,False
2,fear,4,sad,0.6077,False
4,sad,0,angry,0.4559,False
0,angry,0,angry,0.6343,True
0,angry,0,angry,0.6426,True
2,fear,6,neutral,0.4582,False
6,neutral,6,neutral,0.7924,True
0,angry,6,neutral,0.8776,False
5,surprise,2,fear,0.4582,False
3,happy,3,happy,0.9986,True
4,sad,4,sad,0.521,True
0,angry,6,neutral,0.353,False
2,fear,2,fear,0.3818,True
2,fear,4,sad,0.4279,False
0,angry,3,happy,0.9928,False
2,fear,0,angry,0.7684,False
5,surprise,5,surprise,0.9379,True
3,happy,3,happy,0.3407,True
3,happy,3,happy,0.9224,True
5,surprise,5,surprise,0.7332,True
2,fear,0,angry,0.3935,False
3,happy,3,happy,0.9956,True
0,angry,6,neutral,0.543,False
3,happy,3,happy,0.9921,True
4,sad,5,surprise,0.861,False
4,sad,6,neutral,0.3109,False
4,sad,4,sad,0.8347,True
5,surprise,5,surprise,0.9013,True
0,angry,0,angry,0.7079,True
6,neutral,6,neutral,0.9977,True
3,happy,3,happy,0.9613,True
3,happy,3,happy,0.424,True
3,happy,0,angry,0.4519,False
2,fear,0,angry,0.4867,False
3,happy,3,happy,0.9884,True
0,angry,3,happy,0.495,False
0,angry,0,angry,0.3653,True
3,happy,3,happy,0.8265,True
4,sad,6,neutral,0.4228,False
6,neutral,6,neutral,0.9151,True
0,angry,2,fear,0.6282,False
2,fear,2,fear,0.3631,True
4,sad,4,sad,0.4666,True
3,happy,4,sad,0.576,False
6,neutral,4,sad,0.5219,False
2,fear,2,fear,0.3853,True
5,surprise,5,surprise,0.9144,True
6,neutral,0,angry,0.3237,False
0,angry,4,sad,0.6892,False
0,angry,0,angry,0.5938,True
3,happy,3,happy,0.9889,True
0,angry,0,angry,0.6628,True
0,angry,0,angry,0.4604,True
0,angry,0,angry,0.302,True
3,happy,3,happy,0.5277,True
4,sad,4,sad,0.3356,True
6,neutral,4,sad,0.5972,False
3,happy,3,happy,0.8884,True
2,fear,4,sad,0.334,False
0,angry,2,fear,0.4283,False
3,happy,3,happy,0.9922,True
0,angry,2,fear,0.3374,False
3,happy,3,happy,0.9962,True
2,fear,4,sad,0.6179,False
5,surprise,5,surprise,0.9597,True
4,sad,4,sad,0.2466,True
4,sad,0,angry,0.4166,False
3,happy,3,happy,0.9996,True
4,sad,3,happy,0.3328,False
3,happy,3,happy,0.3869,True
5,surprise,5,surprise,0.9664,True
3,happy,4,sad,0.4478,False
2,fear,4,sad,0.711,False
4,sad,6,neutral,0.8161,False
3,happy,3,happy,0.9985,True
6,neutral,6,neutral,0.897,True
0,angry,3,happy,0.3923,False
3,happy,3,happy,0.9992,True
3,happy,3,happy,0.9956,True
0,angry,3,happy,0.3532,False
6,neutral,6,neutral,0.4321,True
0,angry,0,angry,0.5354,True
0,angry,0,angry,0.8571,True
0,angry,6,neutral,0.4346,False
3,happy,6,neutral,0.7221,False
3,happy,3,happy,0.9944,True
5,surprise,5,surprise,0.4906,True
0,angry,2,fear,0.3523,False
6,neutral,6,neutral,0.5469,True
0,angry,4,sad,0.3381,False
0,angry,0,angry,0.5134,True
6,neutral,6,neutral,0.8639,True
5,surprise,5,surprise,0.9062,True
2,fear,5,surprise,0.296,False
4,sad,6,neutral,0.8861,False
3,happy,3,happy,0.9598,True
3,happy,3,happy,0.6526,True
0,angry,0,angry,0.5526,True
0,angry,6,neutral,0.3995,False
3,happy,3,happy,0.9982,True
5,surprise,2,fear,0.4042,False
3,happy,3,happy,0.8942,True
2,fear,4,sad,0.7476,False
3,happy,3,happy,0.9996,True
4,sad,4,sad,0.644,True
6,neutral,6,neutral,0.512,True
0,angry,4,sad,0.5903,False
2,fear,4,sad,0.4476,False
3,happy,3,happy,0.5911,True
3,happy,3,happy,0.9997,True
0,angry,0,angry,0.4916,True
0,angry,0,angry,0.5569,True
3,happy,3,happy,0.9126,True
0,angry,5,surprise,0.7082,False
0,angry,0,angry,0.5662,True
0,angry,2,fear,0.3469,False
4,sad,6,neutral,0.6256,False
4,sad,2,fear,0.3411,False
0,angry,3,happy,0.7166,False
0,angry,4,sad,0.7142,False
2,fear,6,neutral,0.5999,False
0,angry,0,angry,0.9139,True
4,sad,2,fear,0.5027,False
0,angry,0,angry,0.7096,True
2,fear,2,fear,0.2796,True
3,happy,3,happy,0.911,True
5,surprise,5,surprise,0.8838,True
5,surprise,5,surprise,0.9159,True
2,fear,0,angry,0.5649,False
5,surprise,2,fear,0.4782,False
5,surprise,2,fear,0.4007,False
5,surprise,2,fear,0.3251,False
3,happy,3,happy,0.4003,True
2,fear,4,sad,0.5724,False
2,fear,2,fear,0.5815,True
5,surprise,5,surprise,0.5337,True
0,angry,4,sad,0.5144,False
3,happy,3,happy,0.9817,True
6,neutral,6,neutral,0.6256,True
1,disgust,0,angry,0.6375,False
6,neutral,6,neutral,0.8764,True
2,fear,2,fear,0.7836,True
0,angry,6,neutral,0.9149,False
3,happy,3,happy,0.9967,True
3,happy,3,happy,0.9911,True
2,fear,6,neutral,0.2957,False
0,angry,3,happy,0.3243,False
4,sad,6,neutral,0.5269,False
3,happy,3,happy,0.5066,True
6,neutral,6,neutral,0.6064,True
3,happy,6,neutral,0.4733,False
4,sad,4,sad,0.4267,True
6,neutral,6,neutral,0.8896,True
0,angry,6,neutral,0.6541,False
2,fear,4,sad,0.539,False
4,sad,6,neutral,0.8053,False
3,happy,6,neutral,0.6624,False
4,sad,3,happy,0.9041,False
4,sad,4,sad,0.3416,True
6,neutral,6,neutral,0.8388,True
4,sad,6,neutral,0.7992,False
0,angry,2,fear,0.4018,False
3,happy,3,happy,0.9975,True
3,happy,4,sad,0.4203,False
2,fear,5,surprise,0.7231,False
3,happy,3,happy,0.9776,True
0,angry,0,angry,0.5616,True
3,happy,3,happy,0.6002,True
6,neutral,6,neutral,0.8538,True
3,happy,3,happy,0.9592,True
3,happy,3,happy,0.867,True
4,sad,4,sad,0.4639,True
6,neutral,3,happy,0.7007,False
3,happy,3,happy,0.7815,True
3,happy,3,happy,0.7591,True
3,happy,3,happy,0.9715,True
4,sad,4,sad,0.4577,True
4,sad,6,neutral,0.3999,False
3,happy,3,happy,0.9935,True
0,angry,4,sad,0.3874,False
3,happy,3,happy,0.9983,True
5,surprise,5,surprise,0.8949,True
3,happy,3,happy,0.9969,True
6,neutral,3,happy,0.9634,False
2,fear,5,surprise,0.32,False
5,surprise,0,angry,0.826,False
3,happy,2,fear,0.5474,False
3,happy,3,happy,0.8813,True
4,sad,4,sad,0.6557,True
5,surprise,5,surprise,0.94,True
3,happy,3,happy,0.9713,True
0,angry,0,angry,0.3867,True
3,happy,3,happy,0.9696,True
3,happy,3,happy,0.9986,True
4,sad,4,sad,0.3715,True
2,fear,3,happy,0.3928,False
6,neutral,6,neutral,0.8722,True
4,sad,6,neutral,0.5205,False
4,sad,4,sad,0.5958,True
5,surprise,5,surprise,0.8813,True
3,happy,3,happy,0.9613,True
5,surprise,5,surprise,0.5226,True
2,fear,2,fear,0.8184,True
2,fear,4,sad,0.5501,False
6,neutral,5,surprise,0.6236,False
5,surprise,3,happy,0.6563,False
2,fear,5,surprise,0.9449,False
4,sad,4,sad,0.5034,True
2,fear,5,surprise,0.5955,False
6,neutral,4,sad,0.3663,False
4,sad,0,angry,0.4909,False
4,sad,6,neutral,0.8417,False
4,sad,4,sad,0.6565,True
4,sad,6,neutral,0.8436,False
3,happy,2,fear,0.3392,False
6,neutral,6,neutral,0.375,True
3,happy,3,happy,0.9989,True
0,angry,5,surprise,0.414,False
2,fear,2,fear,0.6127,True
4,sad,4,sad,0.3826,True
3,happy,3,happy,0.9923,True
6,neutral,6,neutral,0.9061,True
5,surprise,5,surprise,0.8071,True
0,angry,2,fear,0.2697,False
3,happy,3,happy,0.9651,True
0,angry,2,fear,0.7068,False
2,fear,5,surprise,0.7659,False
3,happy,3,happy,0.9731,True
2,fear,2,fear,0.413,True
3,happy,3,happy,0.9326,True
0,angry,0,angry,0.3524,True
0,angry,6,neutral,0.2436,False
4,sad,4,sad,0.6319,True
6,neutral,6,neutral,0.975,True
4,sad,4,sad,0.6957,True
6,neutral,6,neutral,0.8599,True
3,happy,6,neutral,0.691,False
5,surprise,3,happy,0.9791,False
5,surprise,5,surprise,0.7162,True
3,happy,3,happy,0.9944,True
3,happy,3,happy,0.9941,True
3,happy,3,happy,0.9992,True
6,neutral,4,sad,0.4081,False
3,happy,3,happy,0.9982,True
2,fear,4,sad,0.7466,False
0,angry,0,angry,0.5753,True
6,neutral,6,neutral,0.3518,True
1,disgust,4,sad,0.7316,False
3,happy,3,happy,0.9984,True
4,sad,6,neutral,0.5543,False
2,fear,3,happy,0.4858,False
2,fear,0,angry,0.8259,False
4,sad,2,fear,0.3237,False
0,angry,2,fear,0.2506,False
3,happy,3,happy,0.8559,True
4,sad,4,sad,0.8803,True
4,sad,6,neutral,0.6915,False
2,fear,4,sad,0.2989,False
1,disgust,0,angry,0.318,False
4,sad,0,angry,0.833,False
1,disgust,6,neutral,0.4939,False
4,sad,6,neutral,0.5738,False
4,sad,6,neutral,0.4366,False
3,happy,3,happy,0.8922,True
5,surprise,5,surprise,0.8632,True
3,happy,3,happy,0.9455,True
6,neutral,6,neutral,0.5986,True
0,angry,4,sad,0.5486,False
6,neutral,2,fear,0.2657,False
3,happy,4,sad,0.325,False
0,angry,6,neutral,0.7862,False
6,neutral,6,neutral,0.4303,True
6,neutral,6,neutral,0.8205,True
2,fear,4,sad,0.407,False
2,fear,2,fear,0.4138,True
5,surprise,5,surprise,0.6279,True
6,neutral,6,neutral,0.641,True
5,surprise,2,fear,0.4026,False
0,angry,6,neutral,0.5183,False
2,fear,4,sad,0.284,False
6,neutral,6,neutral,0.4342,True
0,angry,2,fear,0.3861,False
6,neutral,3,happy,0.9755,False
3,happy,5,surprise,0.6052,False
3,happy,3,happy,0.9992,True
4,sad,6,neutral,0.3864,False
3,happy,2,fear,0.3616,False
2,fear,5,surprise,0.6795,False
0,angry,0,angry,0.292,True
4,sad,4,sad,0.5664,True
2,fear,3,happy,0.3742,False
4,sad,4,sad,0.2786,True
5,surprise,5,surprise,0.7944,True
3,happy,2,fear,0.3362,False
3,happy,5,surprise,0.8944,False
2,fear,2,fear,0.4275,True
4,sad,4,sad,0.4107,True
3,happy,3,happy,0.9991,True
2,fear,4,sad,0.7696,False
0,angry,4,sad,0.383,False
0,angry,3,happy,0.8187,False
2,fear,6,neutral,0.4301,False
3,happy,3,happy,0.9969,True
5,surprise,5,surprise,0.8427,True
2,fear,2,fear,0.514,True
3,happy,3,happy,0.7818,True
3,happy,3,happy,0.8815,True
3,happy,6,neutral,0.586,False
3,happy,4,sad,0.3842,False
6,neutral,6,neutral,0.7526,True
3,happy,3,happy,0.9973,True
6,neutral,3,happy,0.9984,False
6,neutral,3,happy,0.9771,False
2,fear,2,fear,0.5902,True
4,sad,2,fear,0.3206,False
0,angry,5,surprise,0.6041,False
5,surprise,3,happy,0.3557,False
4,sad,4,sad,0.6436,True
2,fear,0,angry,0.5537,False
5,surprise,2,fear,0.4485,False
2,fear,2,fear,0.4144,True
5,surprise,5,surprise,0.9338,True
4,sad,6,neutral,0.709,False
5,surprise,5,surprise,0.9452,True
2,fear,3,happy,0.4606,False
6,neutral,4,sad,0.2589,False
3,happy,3,happy,0.9755,True
4,sad,2,fear,0.5062,False
6,neutral,6,neutral,0.59,True
6,neutral,6,neutral,0.7815,True
3,happy,3,happy,0.9528,True
5,surprise,5,surprise,0.7585,True
5,surprise,5,surprise,0.9676,True
6,neutral,6,neutral,0.7131,True
6,neutral,4,sad,0.5066,False
4,sad,6,neutral,0.4185,False
5,surprise,5,surprise,0.7423,True
0,angry,0,angry,0.6406,True
6,neutral,6,neutral,0.4808,True
4,sad,4,sad,0.4225,True
0,angry,0,angry,0.7098,True
0,angry,4,sad,0.7307,False
3,happy,3,happy,0.7986,True
5,surprise,5,surprise,0.9001,True
2,fear,3,happy,0.457,False
5,surprise,5,surprise,0.9094,True
0,angry,2,fear,0.5682,False
0,angry,4,sad,0.4675,False
4,sad,4,sad,0.8061,True
2,fear,6,neutral,0.8273,False
3,happy,0,angry,0.4273,False
3,happy,3,happy,0.997,True
0,angry,0,angry,0.7444,True
0,angry,0,angry,0.4047,True
3,happy,3,happy,0.9924,True
4,sad,0,angry,0.2781,False
6,neutral,5,surprise,0.7656,False
3,happy,3,happy,1.0,True
4,sad,6,neutral,0.7565,False
6,neutral,3,happy,0.3342,False
3,happy,3,happy,0.9998,True
6,neutral,6,neutral,0.6266,True
3,happy,3,happy,0.9949,True
2,fear,3,happy,0.942,False
4,sad,4,sad,0.4529,True
6,neutral,4,sad,0.3442,False
3,happy,0,angry,0.5077,False
3,happy,3,happy,0.9726,True
0,angry,6,neutral,0.3664,False
6,neutral,4,sad,0.4612,False
4,sad,4,sad,0.469,True
6,neutral,3,happy,0.4669,False
5,surprise,5,surprise,0.9456,True
4,sad,0,angry,0.2832,False
2,fear,4,sad,0.4295,False
2,fear,4,sad,0.3722,False
4,sad,6,neutral,0.5878,False
5,surprise,6,neutral,0.6028,False
4,sad,4,sad,0.6053,True
3,happy,3,happy,0.9679,True
2,fear,0,angry,0.2989,False
6,neutral,6,neutral,0.6884,True
6,neutral,3,happy,0.9664,False
4,sad,4,sad,0.8422,True
2,fear,4,sad,0.4037,False
3,happy,3,happy,0.6291,True
0,angry,0,angry,0.5524,True
2,fear,3,happy,0.4093,False
2,fear,4,sad,0.3403,False
2,fear,6,neutral,0.8576,False
2,fear,2,fear,0.3075,True
0,angry,0,angry,0.8002,True
2,fear,6,neutral,0.9714,False
3,happy,3,happy,0.9984,True
6,neutral,4,sad,0.732,False
3,happy,4,sad,0.2944,False
0,angry,0,angry,0.4968,True
3,happy,3,happy,0.9923,True
5,surprise,5,surprise,0.9861,True
3,happy,3,happy,0.9999,True
3,happy,3,happy,0.8932,True
5,surprise,2,fear,0.5943,False
2,fear,5,surprise,0.9142,False
3,happy,4,sad,0.4465,False
6,neutral,6,neutral,0.6773,True
0,angry,4,sad,0.9103,False
5,surprise,2,fear,0.4968,False
0,angry,0,angry,0.6151,True
6,neutral,6,neutral,0.5851,True
2,fear,3,happy,0.9854,False
3,happy,3,happy,0.9883,True
3,happy,2,fear,0.3262,False
4,sad,4,sad,0.5366,True
6,neutral,6,neutral,0.9633,True
3,happy,3,happy,0.9965,True
3,happy,3,happy,0.9946,True
2,fear,2,fear,0.3651,True
0,angry,0,angry,0.798,True
6,neutral,6,neutral,0.9533,True
2,fear,4,sad,0.7827,False
2,fear,2,fear,0.3281,True
4,sad,4,sad,0.7166,True
5,surprise,5,surprise,0.96,True
5,surprise,5,surprise,0.7589,True
3,happy,3,happy,0.9972,True
6,neutral,6,neutral,0.5525,True
6,neutral,6,neutral,0.8715,True
0,angry,4,sad,0.6227,False
6,neutral,0,angry,0.3939,False
5,surprise,5,surprise,0.9137,True
3,happy,3,happy,0.9982,True
2,fear,4,sad,0.3707,False
2,fear,4,sad,0.4443,False
0,angry,0,angry,0.3621,True
3,happy,4,sad,0.4973,False
6,neutral,6,neutral,0.8636,True
6,neutral,6,neutral,0.8562,True
4,sad,2,fear,0.2944,False
4,sad,3,happy,0.7756,False
0,angry,0,angry,0.4712,True
3,happy,6,neutral,0.429,False
2,fear,4,sad,0.435,False
6,neutral,6,neutral,0.5863,True
6,neutral,6,neutral,0.4584,True
6,neutral,4,sad,0.7319,False
4,sad,4,sad,0.8244,True
2,fear,5,surprise,0.5392,False
2,fear,3,happy,0.7782,False
2,fear,5,surprise,0.831,False
6,neutral,4,sad,0.7644,False
0,angry,5,surprise,0.3235,False
1,disgust,3,happy,0.3875,False
4,sad,4,sad,0.4396,True
5,surprise,5,surprise,0.719,True
0,angry,0,angry,0.5171,True
3,happy,3,happy,0.9949,True
3,happy,3,happy,0.865,True
3,happy,3,happy,0.9886,True
3,happy,3,happy,0.9987,True
4,sad,0,angry,0.4111,False
6,neutral,4,sad,0.493,False
3,happy,3,happy,0.9997,True
2,fear,0,angry,0.4131,False
6,neutral,6,neutral,0.5718,True
2,fear,4,sad,0.3639,False
2,fear,6,neutral,0.4254,False
4,sad,6,neutral,0.4013,False
0,angry,4,sad,0.3949,False
3,happy,3,happy,0.9119,True
6,neutral,4,sad,0.3294,False
4,sad,2,fear,0.3131,False
5,surprise,5,surprise,0.8838,True
2,fear,0,angry,0.8326,False
3,happy,3,happy,0.9496,True
4,sad,6,neutral,0.6147,False
0,angry,3,happy,0.9588,False
0,angry,6,neutral,0.6093,False
4,sad,4,sad,0.4519,True
2,fear,2,fear,0.3312,True
3,happy,4,sad,0.4658,False
6,neutral,2,fear,0.5171,False
3,happy,6,neutral,0.8153,False
6,neutral,6,neutral,0.8431,True
3,happy,3,happy,0.9663,True
6,neutral,3,happy,0.5871,False
6,neutral,4,sad,0.7149,False
5,surprise,2,fear,0.3161,False
1,disgust,4,sad,0.5369,False
5,surprise,5,surprise,0.8444,True
2,fear,2,fear,0.515,True
3,happy,3,happy,0.7086,True
1,disgust,2,fear,0.4618,False
3,happy,3,happy,0.975,True
4,sad,3,happy,0.6195,False
6,neutral,4,sad,0.3926,False
6,neutral,6,neutral,0.5553,True
3,happy,6,neutral,0.9161,False
3,happy,3,happy,0.981,True
5,surprise,5,surprise,0.958,True
6,neutral,6,neutral,0.5229,True
4,sad,3,happy,0.598,False
3,happy,3,happy,0.9976,True
2,fear,6,neutral,0.9152,False
0,angry,6,neutral,0.6343,False
2,fear,2,fear,0.4836,True
4,sad,6,neutral,0.8977,False
0,angry,6,neutral,0.4609,False
4,sad,2,fear,0.4139,False
4,sad,6,neutral,0.5083,False
0,angry,0,angry,0.3708,True
2,fear,5,surprise,0.675,False
2,fear,4,sad,0.3788,False
3,happy,3,happy,0.9994,True
3,happy,3,happy,0.9987,True
2,fear,5,surprise,0.6055,False
4,sad,2,fear,0.2679,False
6,neutral,6,neutral,0.6984,True
5,surprise,5,surprise,0.7421,True
3,happy,3,happy,0.9999,True
0,angry,6,neutral,0.447,False
3,happy,3,happy,0.6541,True
0,angry,2,fear,0.453,False
3,happy,3,happy,0.933,True
0,angry,4,sad,0.42,False
3,happy,3,happy,0.9856,True
3,happy,3,happy,0.8615,True
5,surprise,5,surprise,0.718,True
0,angry,0,angry,0.7253,True
2,fear,4,sad,0.6691,False
2,fear,2,fear,0.4461,True
0,angry,4,sad,0.4945,False
0,angry,4,sad,0.4249,False
3,happy,6,neutral,0.9278,False
3,happy,3,happy,0.7808,True
5,surprise,5,surprise,0.9541,True
3,happy,3,happy,0.948,True
3,happy,2,fear,0.3465,False
4,sad,6,neutral,0.7914,False
6,neutral,3,happy,0.6803,False
0,angry,3,happy,0.3514,False
4,sad,4,sad,0.4019,True
0,angry,0,angry,0.4803,True
4,sad,4,sad,0.4432,True
3,happy,3,happy,0.9179,True
2,fear,2,fear,0.4445,True
2,fear,2,fear,0.3373,True
3,happy,3,happy,0.9772,True
4,sad,4,sad,0.4754,True
4,sad,2,fear,0.6421,False
2,fear,2,fear,0.3654,True
4,sad,2,fear,0.2778,False
6,neutral,6,neutral,0.7103,True
0,angry,0,angry,0.6943,True
6,neutral,6,neutral,0.7829,True
2,fear,4,sad,0.5791,False
5,surprise,5,surprise,0.6093,True
0,angry,0,angry,0.9183,True
2,fear,4,sad,0.5236,False
4,sad,4,sad,0.6737,True
3,happy,3,happy,0.9975,True
0,angry,0,angry,0.3993,True
3,happy,6,neutral,0.6755,False
3,happy,3,happy,0.9767,True
2,fear,2,fear,0.3101,True
6,neutral,6,neutral,0.6938,True
6,neutral,6,neutral,0.4566,True
0,angry,6,neutral,0.7317,False
4,sad,4,sad,0.5697,True
2,fear,2,fear,0.2976,True
3,happy,3,happy,0.6796,True
2,fear,3,happy,0.2547,False
5,surprise,5,surprise,0.9545,True
2,fear,0,angry,0.5045,False
3,happy,3,happy,0.964,True
6,neutral,4,sad,0.6024,False
0,angry,0,angry,0.6017,True
6,neutral,6,neutral,0.9703,True
3,happy,3,happy,0.9994,True
0,angry,0,angry,0.9094,True
4,sad,4,sad,0.6771,True
6,neutral,2,fear,0.3815,False
4,sad,4,sad,0.7215,True
2,fear,2,fear,0.4538,True
2,fear,2,fear,0.5264,True
3,happy,3,happy,0.9989,True
6,neutral,3,happy,0.4896,False
2,fear,0,angry,0.5192,False
0,angry,4,sad,0.3608,False
0,angry,0,angry,0.5136,True
0,angry,2,fear,0.2928,False
2,fear,3,happy,0.8961,False
3,happy,3,happy,0.9959,True
3,happy,3,happy,0.9977,True
6,neutral,6,neutral,0.6245,True
4,sad,4,sad,0.6029,True
6,neutral,6,neutral,0.6852,True
3,happy,4,sad,0.5136,False
2,fear,3,happy,0.3104,False
5,surprise,2,fear,0.4795,False
3,happy,3,happy,0.306,True
4,sad,0,angry,0.3134,False
0,angry,6,neutral,0.6777,False
6,neutral,6,neutral,0.5008,True
3,happy,3,happy,0.9971,True
0,angry,6,neutral,0.5289,False
5,surprise,5,surprise,0.7843,True
3,happy,3,happy,0.9998,True
0,angry,2,fear,0.4147,False
4,sad,4,sad,0.3477,True
6,neutral,3,happy,0.9991,False
3,happy,3,happy,0.7553,True
2,fear,2,fear,0.5326,True
2,fear,2,fear,0.5151,True
4,sad,2,fear,0.347,False
5,surprise,2,fear,0.3695,False
3,happy,2,fear,0.4681,False
6,neutral,6,neutral,0.3767,True
0,angry,3,happy,0.8081,False
0,angry,2,fear,0.4105,False
6,neutral,6,neutral,0.8539,True
6,neutral,4,sad,0.4756,False
0,angry,0,angry,0.5608,True
4,sad,4,sad,0.5025,True
0,angry,3,happy,0.4616,False
0,angry,0,angry,0.2453,True
3,happy,3,happy,0.7917,True
2,fear,0,angry,0.5186,False
0,angry,0,angry,0.5226,True
6,neutral,4,sad,0.7636,False
5,surprise,2,fear,0.3789,False
0,angry,4,sad,0.6564,False
3,happy,6,neutral,0.5739,False
6,neutral,6,neutral,0.878,True
4,sad,6,neutral,0.4474,False
6,neutral,2,fear,0.4467,False
4,sad,4,sad,0.4375,True
6,neutral,6,neutral,0.629,True
2,fear,5,surprise,0.6031,False
3,happy,4,sad,0.5579,False
3,happy,3,happy,0.991,True
6,neutral,6,neutral,0.4752,True
6,neutral,0,angry,0.3857,False
2,fear,0,angry,0.5343,False
6,neutral,4,sad,0.4151,False
6,neutral,6,neutral,0.5625,True
5,surprise,5,surprise,0.3358,True
5,surprise,5,surprise,0.4309,True
3,happy,3,happy,0.9541,True
3,happy,6,neutral,0.9122,False
6,neutral,6,neutral,0.5222,True
5,surprise,2,fear,0.5154,False
3,happy,3,happy,0.9615,True
3,happy,3,happy,0.7532,True
3,happy,3,happy,0.4769,True
3,happy,6,neutral,0.7346,False
4,sad,4,sad,0.341,True
6,neutral,6,neutral,0.9422,True
6,neutral,6,neutral,0.8527,True
3,happy,3,happy,0.9864,True
2,fear,2,fear,0.3529,True
2,fear,6,neutral,0.3245,False
3,happy,4,sad,0.3644,False
6,neutral,6,neutral,0.5303,True
3,happy,3,happy,0.9939,True
4,sad,4,sad,0.3823,True
3,happy,3,happy,0.987,True
4,sad,4,sad,0.9233,True
6,neutral,4,sad,0.4115,False
5,surprise,5,surprise,0.8198,True
4,sad,2,fear,0.3539,False
0,angry,6,neutral,0.3718,False
4,sad,4,sad,0.4529,True
4,sad,4,sad,0.7637,True
5,surprise,5,surprise,0.8971,True
6,neutral,6,neutral,0.7352,True
6,neutral,0,angry,0.3065,False
6,neutral,6,neutral,0.5777,True
3,happy,3,happy,0.9992,True
0,angry,0,angry,0.2921,True
3,happy,3,happy,0.9775,True
3,happy,3,happy,0.6765,True
3,happy,0,angry,0.3202,False
5,surprise,5,surprise,0.5088,True
2,fear,0,angry,0.4026,False
0,angry,2,fear,0.4174,False
6,neutral,4,sad,0.5225,False
2,fear,2,fear,0.4209,True
4,sad,4,sad,0.5251,True
2,fear,2,fear,0.3767,True
3,happy,3,happy,0.9907,True
2,fear,4,sad,0.6822,False
4,sad,4,sad,0.5762,True
3,happy,6,neutral,0.7793,False
3,happy,3,happy,0.4613,True
6,neutral,6,neutral,0.4656,True
4,sad,4,sad,0.3826,True
2,fear,3,happy,0.6453,False
6,neutral,6,neutral,0.7244,True
4,sad,4,sad,0.3842,True
3,happy,3,happy,0.9921,True
0,angry,6,neutral,0.4429,False
3,happy,3,happy,0.999,True
3,happy,3,happy,0.9417,True
3,happy,3,happy,0.9938,True
4,sad,6,neutral,0.366,False
4,sad,4,sad,0.6202,True
0,angry,2,fear,0.4841,False
3,happy,3,happy,0.9996,True
3,happy,3,happy,0.9972,True
2,fear,0,angry,0.5059,False
5,surprise,5,surprise,0.7976,True
6,neutral,6,neutral,0.6824,True
2,fear,4,sad,0.4231,False
6,neutral,6,neutral,0.8527,True
0,angry,2,fear,0.4241,False
5,surprise,5,surprise,0.6319,True
6,neutral,6,neutral,0.8717,True
5,surprise,0,angry,0.5733,False
6,neutral,6,neutral,0.6205,True
0,angry,0,angry,0.8088,True
3,happy,6,neutral,0.7264,False
6,neutral,6,neutral,0.8487,True
6,neutral,6,neutral,0.6901,True
3,happy,3,happy,1.0,True
6,neutral,6,neutral,0.4218,True
5,surprise,6,neutral,0.354,False
6,neutral,4,sad,0.4034,False
1,disgust,4,sad,0.5987,False
2,fear,4,sad,0.5353,False
0,angry,0,angry,0.3485,True
0,angry,6,neutral,0.7203,False
3,happy,3,happy,0.9761,True
3,happy,3,happy,0.4167,True
2,fear,5,surprise,0.6344,False
0,angry,2,fear,0.5288,False
3,happy,6,neutral,0.5311,False
4,sad,4,sad,0.5875,True
3,happy,3,happy,0.8712,True
0,angry,3,happy,0.9715,False
3,happy,3,happy,0.8541,True
3,happy,3,happy,0.9921,True
3,happy,3,happy,0.9963,True
2,fear,2,fear,0.3856,True
6,neutral,6,neutral,0.6545,True
0,angry,0,angry,0.3241,True
6,neutral,6,neutral,0.3447,True
5,surprise,5,surprise,0.8761,True
6,neutral,4,sad,0.7091,False
2,fear,4,sad,0.4312,False
6,neutral,6,neutral,0.9494,True
0,angry,6,neutral,0.3059,False
2,fear,0,angry,0.6236,False
4,sad,4,sad,0.6256,True
2,fear,0,angry,0.3747,False
6,neutral,6,neutral,0.5924,True
3,happy,3,happy,0.8604,True
2,fear,0,angry,0.4002,False
3,happy,3,happy,0.996,True
3,happy,3,happy,0.6192,True
4,sad,0,angry,0.5903,False
2,fear,4,sad,0.2872,False
5,surprise,5,surprise,0.9156,True
6,neutral,3,happy,0.88,False
2,fear,0,angry,0.8169,False
3,happy,3,happy,0.9934,True
2,fear,2,fear,0.3706,True
6,neutral,5,surprise,0.6767,False
2,fear,4,sad,0.3912,False
6,neutral,0,angry,0.3116,False
3,happy,6,neutral,0.4695,False
2,fear,6,neutral,0.3502,False
5,surprise,5,surprise,0.7366,True
0,angry,0,angry,0.8617,True
2,fear,4,sad,0.934,False
0,angry,4,sad,0.4292,False
3,happy,3,happy,0.9994,True
6,neutral,6,neutral,0.9413,True
4,sad,5,surprise,0.5485,False
0,angry,5,surprise,0.481,False
2,fear,2,fear,0.7558,True
4,sad,6,neutral,0.4731,False
4,sad,2,fear,0.4534,False
3,happy,4,sad,0.3972,False
0,angry,4,sad,0.4383,False
2,fear,6,neutral,0.481,False
6,neutral,3,happy,0.4794,False
5,surprise,5,surprise,0.7843,True
3,happy,3,happy,0.9998,True
6,neutral,6,neutral,0.4682,True
4,sad,4,sad,0.5903,True
4,sad,0,angry,0.3178,False
6,neutral,6,neutral,0.5992,True
4,sad,4,sad,0.4648,True
3,happy,3,happy,0.9932,True
0,angry,0,angry,0.3696,True
3,happy,3,happy,0.957,True
4,sad,3,happy,0.4995,False
6,neutral,2,fear,0.2922,False
4,sad,4,sad,0.5067,True
1,disgust,4,sad,0.3862,False
4,sad,4,sad,0.6417,True
3,happy,3,happy,0.999,True
6,neutral,6,neutral,0.8854,True
3,happy,3,happy,0.9991,True
6,neutral,4,sad,0.4722,False
6,neutral,6,neutral,0.6323,True
6,neutral,6,neutral,0.4551,True
3,happy,6,neutral,0.3615,False
3,happy,3,happy,1.0,True
3,happy,3,happy,0.5864,True
6,neutral,4,sad,0.3822,False
2,fear,0,angry,0.6601,False
3,happy,3,happy,0.9151,True
2,fear,0,angry,0.588,False
3,happy,3,happy,0.9036,True
5,surprise,5,surprise,0.6627,True
6,neutral,6,neutral,0.8797,True
6,neutral,4,sad,0.3817,False
0,angry,6,neutral,0.6966,False
4,sad,4,sad,0.4698,True
6,neutral,6,neutral,0.723,True
3,happy,3,happy,0.9182,True
2,fear,0,angry,0.3739,False
5,surprise,5,surprise,0.7563,True
3,happy,3,happy,0.9969,True
6,neutral,4,sad,0.6037,False
3,happy,3,happy,0.9923,True
4,sad,4,sad,0.4703,True
2,fear,6,neutral,0.4024,False
4,sad,6,neutral,0.7973,False
0,angry,6,neutral,0.4488,False
3,happy,3,happy,0.9994,True
4,sad,0,angry,0.2421,False
4,sad,2,fear,0.5863,False
6,neutral,0,angry,0.432,False
4,sad,3,happy,0.9071,False
3,happy,3,happy,0.651,True
3,happy,3,happy,0.9998,True
6,neutral,3,happy,0.4429,False
2,fear,4,sad,0.3801,False
3,happy,3,happy,0.9916,True
3,happy,3,happy,0.9989,True
5,surprise,5,surprise,0.6378,True
5,surprise,5,surprise,0.9035,True
6,neutral,6,neutral,0.8692,True
0,angry,0,angry,0.4687,True
5,surprise,3,happy,0.3848,False
0,angry,6,neutral,0.3336,False
6,neutral,6,neutral,0.9253,True
6,neutral,2,fear,0.4675,False
6,neutral,6,neutral,0.9676,True
3,happy,3,happy,0.9973,True
3,happy,3,happy,0.8449,True
4,sad,0,angry,0.8054,False
5,surprise,5,surprise,0.6096,True
5,surprise,5,surprise,0.8759,True
3,happy,3,happy,0.9958,True
4,sad,6,neutral,0.5751,False
0,angry,4,sad,0.4214,False
3,happy,3,happy,0.9863,True
5,surprise,3,happy,0.9757,False
4,sad,4,sad,0.5864,True
6,neutral,0,angry,0.5364,False
4,sad,6,neutral,0.7579,False
4,sad,4,sad,0.5614,True
2,fear,6,neutral,0.8695,False
3,happy,3,happy,0.9998,True
6,neutral,6,neutral,0.9089,True
3,happy,3,happy,0.9997,True
3,happy,0,angry,0.4925,False
4,sad,4,sad,0.5979,True
3,happy,3,happy,0.9992,True
3,happy,5,surprise,0.3591,False
4,sad,6,neutral,0.3602,False
3,happy,3,happy,0.9975,True
5,surprise,5,surprise,0.6653,True
6,neutral,4,sad,0.4475,False
3,happy,3,happy,0.5577,True
3,happy,3,happy,0.9926,True
4,sad,0,angry,0.4176,False
0,angry,5,surprise,0.4225,False
3,happy,3,happy,0.9918,True
2,fear,4,sad,0.3935,False
0,angry,4,sad,0.7654,False
2,fear,4,sad,0.6415,False
4,sad,4,sad,0.2807,True
6,neutral,3,happy,0.5857,False
6,neutral,6,neutral,0.9617,True
6,neutral,4,sad,0.7066,False
6,neutral,2,fear,0.3432,False
6,neutral,6,neutral,0.8044,True
4,sad,4,sad,0.8968,True
3,happy,3,happy,0.9972,True
6,neutral,6,neutral,0.7946,True
6,neutral,6,neutral,0.9099,True
3,happy,3,happy,0.9969,True
5,surprise,5,surprise,0.6814,True
4,sad,4,sad,0.6272,True
4,sad,3,happy,0.4964,False
2,fear,6,neutral,0.26,False
3,happy,3,happy,0.647,True
6,neutral,3,happy,0.476,False
6,neutral,4,sad,0.4796,False
6,neutral,6,neutral,0.4862,True
0,angry,0,angry,0.6008,True
0,angry,3,happy,0.3624,False
3,happy,3,happy,0.9983,True
1,disgust,0,angry,0.5433,False
3,happy,3,happy,0.5891,True
3,happy,3,happy,0.9987,True
1,disgust,3,happy,0.6727,False
3,happy,3,happy,0.9992,True
4,sad,4,sad,0.4945,True
5,surprise,2,fear,0.5369,False
3,happy,3,happy,0.9957,True
3,happy,3,happy,0.9342,True
2,fear,5,surprise,0.3425,False
3,happy,3,happy,0.5411,True
5,surprise,5,surprise,0.7283,True
0,angry,6,neutral,0.6252,False
2,fear,5,surprise,0.9662,False
3,happy,3,happy,0.9982,True
3,happy,3,happy,0.9801,True
4,sad,6,neutral,0.4934,False
4,sad,4,sad,0.9136,True
6,neutral,6,neutral,0.4442,True
3,happy,3,happy,0.9994,True
6,neutral,4,sad,0.483,False
2,fear,5,surprise,0.5406,False
4,sad,6,neutral,0.5034,False
3,happy,3,happy,0.527,True
5,surprise,5,surprise,0.8837,True
6,neutral,6,neutral,0.7211,True
3,happy,3,happy,0.9947,True
6,neutral,6,neutral,0.2825,True
3,happy,3,happy,0.9999,True
5,surprise,3,happy,0.4926,False
4,sad,2,fear,0.6278,False
5,surprise,5,surprise,0.7743,True
5,surprise,5,surprise,0.9203,True
6,neutral,4,sad,0.6031,False
5,surprise,5,surprise,0.9337,True
6,neutral,4,sad,0.4369,False
0,angry,0,angry,0.5327,True
0,angry,0,angry,0.8307,True
5,surprise,2,fear,0.4486,False
4,sad,4,sad,0.2596,True
2,fear,6,neutral,0.6423,False
2,fear,2,fear,0.4502,True
0,angry,6,neutral,0.7138,False
0,angry,6,neutral,0.3058,False
4,sad,4,sad,0.6029,True
3,happy,3,happy,0.9984,True
6,neutral,6,neutral,0.8618,True
5,surprise,3,happy,0.8846,False
6,neutral,0,angry,0.5639,False
2,fear,0,angry,0.7296,False
6,neutral,6,neutral,0.5814,True
5,surprise,5,surprise,0.6761,True
5,surprise,0,angry,0.3723,False
4,sad,0,angry,0.5868,False
3,happy,3,happy,0.9915,True
2,fear,6,neutral,0.7948,False
5,surprise,4,sad,0.476,False
4,sad,6,neutral,0.2569,False
4,sad,6,neutral,0.7307,False
2,fear,2,fear,0.3772,True
5,surprise,5,surprise,0.7164,True
2,fear,2,fear,0.4701,True
5,surprise,5,surprise,0.8879,True
0,angry,3,happy,0.6412,False
3,happy,3,happy,0.9045,True
5,surprise,0,angry,0.4322,False
5,surprise,5,surprise,0.6684,True
3,happy,3,happy,0.9,True
5,surprise,3,happy,0.3395,False
6,neutral,6,neutral,0.7918,True
3,happy,6,neutral,0.5616,False
3,happy,3,happy,0.4511,True
1,disgust,4,sad,0.6381,False
4,sad,4,sad,0.5526,True
3,happy,3,happy,0.9838,True
6,neutral,0,angry,0.3607,False
0,angry,4,sad,0.5107,False
6,neutral,2,fear,0.5057,False
0,angry,4,sad,0.6082,False
0,angry,6,neutral,0.9657,False
4,sad,0,angry,0.5506,False
6,neutral,6,neutral,0.984,True
6,neutral,4,sad,0.5039,False
0,angry,0,angry,0.5716,True
3,happy,3,happy,0.9856,True
6,neutral,6,neutral,0.655,True
4,sad,4,sad,0.3651,True
3,happy,3,happy,0.9581,True
5,surprise,5,surprise,0.8335,True
3,happy,3,happy,0.9981,True
6,neutral,2,fear,0.428,False
0,angry,2,fear,0.5561,False
3,happy,3,happy,0.9979,True
0,angry,0,angry,0.9112,True
2,fear,4,sad,0.4261,False
3,happy,3,happy,0.3674,True
4,sad,4,sad,0.5962,True
3,happy,6,neutral,0.9846,False
3,happy,3,happy,0.9995,True
0,angry,0,angry,0.5514,True
1,disgust,0,angry,0.3504,False
3,happy,3,happy,0.9862,True
2,fear,4,sad,0.5391,False
2,fear,5,surprise,0.9582,False
3,happy,6,neutral,0.9095,False
3,happy,3,happy,0.5485,True
6,neutral,3,happy,0.4539,False
6,neutral,6,neutral,0.4685,True
5,surprise,5,surprise,0.8281,True
4,sad,3,happy,0.3549,False
4,sad,6,neutral,0.8596,False
4,sad,4,sad,0.6238,True
3,happy,3,happy,1.0,True
3,happy,3,happy,0.9988,True
2,fear,5,surprise,0.6282,False
6,neutral,6,neutral,0.4519,True
6,neutral,6,neutral,0.971,True
3,happy,3,happy,0.9813,True
2,fear,6,neutral,0.4254,False
2,fear,6,neutral,0.8798,False
3,happy,3,happy,0.9993,True
6,neutral,6,neutral,0.3404,True
3,happy,3,happy,0.929,True
6,neutral,4,sad,0.4271,False
3,happy,3,happy,0.872,True
2,fear,4,sad,0.7215,False
4,sad,2,fear,0.4111,False
3,happy,3,happy,0.8672,True
2,fear,0,angry,0.3921,False
3,happy,3,happy,0.9993,True
2,fear,6,neutral,0.5462,False
3,happy,6,neutral,0.9466,False
1,disgust,0,angry,0.7644,False
2,fear,2,fear,0.2693,True
4,sad,4,sad,0.5338,True
3,happy,6,neutral,0.3712,False
6,neutral,4,sad,0.5016,False
3,happy,3,happy,0.9222,True
6,neutral,3,happy,0.9963,False
3,happy,3,happy,0.9999,True
6,neutral,4,sad,0.244,False
2,fear,2,fear,0.379,True
6,neutral,5,surprise,0.2055,False
0,angry,4,sad,0.4416,False
4,sad,4,sad,0.5213,True
3,happy,3,happy,0.8834,True
5,surprise,5,surprise,0.3954,True
6,neutral,6,neutral,0.8124,True
3,happy,3,happy,0.9918,True
0,angry,2,fear,0.2717,False
3,happy,3,happy,0.9839,True
4,sad,4,sad,0.3689,True
2,fear,2,fear,0.4331,True
2,fear,5,surprise,0.4802,False
6,neutral,4,sad,0.5684,False
6,neutral,6,neutral,0.6245,True
6,neutral,6,neutral,0.5994,True
4,sad,2,fear,0.4997,False
5,surprise,6,neutral,0.4811,False
2,fear,6,neutral,0.4472,False
0,angry,0,angry,0.5336,True
0,angry,0,angry,0.6422,True
0,angry,4,sad,0.8689,False
3,happy,3,happy,0.9994,True
0,angry,2,fear,0.4056,False
0,angry,3,happy,0.5252,False
4,sad,6,neutral,0.8403,False
0,angry,6,neutral,0.3367,False
5,surprise,5,surprise,0.5438,True
3,happy,3,happy,0.9963,True
0,angry,0,angry,0.5954,True
0,angry,4,sad,0.3546,False
6,neutral,4,sad,0.3968,False
2,fear,4,sad,0.5086,False
2,fear,4,sad,0.5994,False
6,neutral,2,fear,0.5066,False
6,neutral,6,neutral,0.9287,True
3,happy,2,fear,0.4395,False
6,neutral,6,neutral,0.4506,True
4,sad,4,sad,0.308,True
3,happy,0,angry,0.6607,False
3,happy,6,neutral,0.6215,False
5,surprise,5,surprise,0.8338,True
5,surprise,5,surprise,0.8337,True
3,happy,3,happy,0.9926,True
0,angry,3,happy,0.9063,False
6,neutral,6,neutral,0.6458,True
2,fear,2,fear,0.4556,True
0,angry,2,fear,0.4345,False
2,fear,2,fear,0.4129,True
4,sad,4,sad,0.7516,True
6,neutral,4,sad,0.3785,False
4,sad,6,neutral,0.4583,False
4,sad,4,sad,0.7368,True
6,neutral,6,neutral,0.8659,True
4,sad,4,sad,0.5424,True
3,happy,3,happy,0.9991,True
2,fear,4,sad,0.8215,False
4,sad,3,happy,0.5391,False
0,angry,0,angry,0.7929,True
2,fear,4,sad,0.5336,False
6,neutral,6,neutral,0.4435,True
3,happy,3,happy,0.9994,True
2,fear,6,neutral,0.404,False
2,fear,2,fear,0.2996,True
0,angry,3,happy,0.9471,False
6,neutral,6,neutral,0.7797,True
6,neutral,2,fear,0.2783,False
3,happy,6,neutral,0.6541,False
2,fear,5,surprise,0.4126,False
3,happy,3,happy,0.9998,True
6,neutral,3,happy,0.9561,False
5,surprise,5,surprise,0.6776,True
6,neutral,5,surprise,0.5996,False
4,sad,4,sad,0.7793,True
3,happy,3,happy,0.9968,True
0,angry,6,neutral,0.4696,False
2,fear,6,neutral,0.3442,False
3,happy,3,happy,0.9837,True
0,angry,0,angry,0.6051,True
3,happy,6,neutral,0.8101,False
6,neutral,0,angry,0.5932,False
0,angry,3,happy,0.76,False
4,sad,4,sad,0.4825,True
4,sad,4,sad,0.551,True
3,happy,3,happy,0.6529,True
4,sad,4,sad,0.7652,True
4,sad,4,sad,0.2857,True
5,surprise,5,surprise,0.7753,True
2,fear,4,sad,0.4057,False
5,surprise,5,surprise,0.9497,True
4,sad,4,sad,0.4644,True
6,neutral,6,neutral,0.9354,True
2,fear,4,sad,0.4768,False
6,neutral,6,neutral,0.3417,True
4,sad,6,neutral,0.3831,False
3,happy,3,happy,0.9983,True
0,angry,6,neutral,0.3733,False
1,disgust,0,angry,0.3326,False
0,angry,4,sad,0.4675,False
5,surprise,5,surprise,0.7333,True
5,surprise,5,surprise,0.6182,True
3,happy,3,happy,0.9814,True
6,neutral,6,neutral,0.7519,True
4,sad,4,sad,0.5421,True
0,angry,3,happy,0.77,False
4,sad,0,angry,0.3576,False
2,fear,5,surprise,0.4528,False
4,sad,4,sad,0.7866,True
6,neutral,6,neutral,0.6865,True
6,neutral,4,sad,0.3416,False
0,angry,2,fear,0.4195,False
6,neutral,6,neutral,0.9102,True
6,neutral,6,neutral,0.8629,True
2,fear,6,neutral,0.5084,False
4,sad,2,fear,0.3054,False
3,happy,3,happy,0.9919,True
0,angry,0,angry,0.74,True
3,happy,6,neutral,0.8228,False
3,happy,3,happy,0.9758,True
2,fear,2,fear,0.3896,True
3,happy,3,happy,0.9994,True
6,neutral,6,neutral,0.6558,True
2,fear,2,fear,0.3655,True
4,sad,0,angry,0.351,False
0,angry,2,fear,0.3675,False
2,fear,0,angry,0.4458,False
6,neutral,6,neutral,0.9503,True
6,neutral,6,neutral,0.7976,True
4,sad,6,neutral,0.5806,False
5,surprise,5,surprise,0.6201,True
3,happy,3,happy,0.633,True
6,neutral,4,sad,0.8631,False
2,fear,3,happy,0.7968,False
4,sad,3,happy,0.3763,False
3,happy,3,happy,0.9535,True
0,angry,0,angry,0.5242,True
5,surprise,5,surprise,0.7443,True
5,surprise,6,neutral,0.3916,False
3,happy,6,neutral,0.933,False
2,fear,6,neutral,0.4807,False
3,happy,3,happy,0.3133,True
3,happy,6,neutral,0.9032,False
3,happy,3,happy,0.9961,True
0,angry,6,neutral,0.3956,False
5,surprise,5,surprise,0.3084,True
3,happy,3,happy,0.966,True
5,surprise,5,surprise,0.99,True
2,fear,2,fear,0.2749,True
5,surprise,4,sad,0.3829,False
3,happy,4,sad,0.7148,False
0,angry,4,sad,0.5252,False
6,neutral,3,happy,0.7737,False
5,surprise,5,surprise,0.4714,True
6,neutral,3,happy,0.4027,False
5,surprise,5,surprise,0.9433,True
0,angry,0,angry,0.3361,True
2,fear,4,sad,0.3884,False
0,angry,3,happy,0.7139,False
4,sad,2,fear,0.3956,False
5,surprise,5,surprise,0.8287,True
2,fear,5,surprise,0.3412,False
0,angry,0,angry,0.5528,True
0,angry,4,sad,0.4204,False
3,happy,3,happy,0.992,True
2,fear,2,fear,0.4097,True
3,happy,3,happy,0.9171,True
3,happy,3,happy,0.5142,True
3,happy,3,happy,0.9269,True
0,angry,3,happy,0.366,False
5,surprise,5,surprise,0.6459,True
4,sad,2,fear,0.5007,False
4,sad,2,fear,0.6797,False
3,happy,3,happy,0.9903,True
3,happy,3,happy,0.9994,True
4,sad,6,neutral,0.6471,False
3,happy,3,happy,1.0,True
0,angry,4,sad,0.5276,False
3,happy,6,neutral,0.402,False
3,happy,3,happy,0.984,True
6,neutral,4,sad,0.6134,False
6,neutral,3,happy,0.7724,False
6,neutral,6,neutral,0.7202,True
6,neutral,4,sad,0.4667,False
0,angry,6,neutral,0.7921,False
3,happy,3,happy,0.996,True
6,neutral,6,neutral,0.3966,True
3,happy,3,happy,0.9359,True
2,fear,3,happy,0.9111,False
4,sad,6,neutral,0.5141,False
5,surprise,5,surprise,0.9924,True
6,neutral,2,fear,0.2419,False
2,fear,4,sad,0.6585,False
0,angry,2,fear,0.6242,False
6,neutral,0,angry,0.516,False
5,surprise,5,surprise,0.7904,True
3,happy,4,sad,0.7201,False
3,happy,3,happy,0.9963,True
1,disgust,0,angry,0.6352,False
3,happy,3,happy,0.9978,True
0,angry,2,fear,0.2347,False
6,neutral,6,neutral,0.9462,True
2,fear,5,surprise,0.3419,False
2,fear,2,fear,0.3843,True
6,neutral,3,happy,0.3479,False
3,happy,3,happy,0.9911,True
5,surprise,3,happy,0.9966,False
2,fear,4,sad,0.6632,False
6,neutral,6,neutral,0.9563,True
3,happy,6,neutral,0.5897,False
3,happy,3,happy,0.9281,True
4,sad,4,sad,0.4983,True
4,sad,6,neutral,0.6811,False
0,angry,2,fear,0.4448,False
4,sad,2,fear,0.3902,False
5,surprise,3,happy,0.9435,False
3,happy,3,happy,0.9266,True
5,surprise,5,surprise,0.2533,True
5,surprise,5,surprise,0.5997,True
3,happy,3,happy,0.9985,True
3,happy,2,fear,0.3238,False
3,happy,3,happy,0.9933,True
6,neutral,6,neutral,0.288,True
2,fear,2,fear,0.4056,True
1,disgust,0,angry,0.5242,False
3,happy,3,happy,0.9999,True
0,angry,2,fear,0.4484,False
5,surprise,5,surprise,0.9046,True
6,neutral,4,sad,0.322,False
0,angry,0,angry,0.4242,True
3,happy,3,happy,0.9983,True
6,neutral,6,neutral,0.8364,True
6,neutral,6,neutral,0.5244,True
4,sad,4,sad,0.6128,True
4,sad,3,happy,0.3978,False
5,surprise,5,surprise,0.8945,True
4,sad,6,neutral,0.4997,False
0,angry,0,angry,0.5376,True
4,sad,4,sad,0.8176,True
5,surprise,5,surprise,0.9648,True
4,sad,4,sad,0.347,True
6,neutral,6,neutral,0.3596,True
4,sad,4,sad,0.339,True
0,angry,0,angry,0.7912,True
6,neutral,6,neutral,0.9706,True
3,happy,3,happy,0.9871,True
6,neutral,6,neutral,0.9068,True
5,surprise,6,neutral,0.3823,False
4,sad,4,sad,0.4857,True
0,angry,0,angry,0.6551,True
4,sad,3,happy,0.9942,False
3,happy,4,sad,0.4687,False
2,fear,6,neutral,0.7707,False
5,surprise,6,neutral,0.2559,False
4,sad,4,sad,0.4182,True
3,happy,3,happy,0.997,True
6,neutral,6,neutral,0.6019,True
1,disgust,0,angry,0.4458,False
3,happy,3,happy,1.0,True
6,neutral,6,neutral,0.6122,True
0,angry,4,sad,0.1844,False
3,happy,3,happy,0.999,True
6,neutral,4,sad,0.6998,False
0,angry,3,happy,0.6953,False
3,happy,3,happy,0.9717,True
6,neutral,0,angry,0.6187,False
5,surprise,3,happy,0.9978,False
6,neutral,3,happy,0.5957,False
3,happy,3,happy,0.9915,True
2,fear,2,fear,0.5012,True
2,fear,6,neutral,0.402,False
0,angry,0,angry,0.24,True
3,happy,3,happy,0.9147,True
0,angry,0,angry,0.3231,True
6,neutral,4,sad,0.3772,False
3,happy,3,happy,0.9974,True
4,sad,4,sad,0.3311,True
3,happy,3,happy,1.0,True
4,sad,4,sad,0.718,True
2,fear,4,sad,0.5778,False
4,sad,6,neutral,0.8345,False
6,neutral,6,neutral,0.6561,True
3,happy,3,happy,0.9998,True
3,happy,4,sad,0.6693,False
3,happy,3,happy,0.9681,True
2,fear,2,fear,0.3443,True
3,happy,5,surprise,0.5066,False
3,happy,3,happy,0.9262,True
6,neutral,6,neutral,0.4057,True
5,surprise,3,happy,0.2756,False
0,angry,0,angry,0.6363,True
6,neutral,6,neutral,0.8268,True
4,sad,4,sad,0.4907,True
2,fear,3,happy,0.2587,False
1,disgust,0,angry,0.4102,False
6,neutral,6,neutral,0.5045,True
0,angry,4,sad,0.6245,False
5,surprise,0,angry,0.3804,False
2,fear,5,surprise,0.8328,False
5,surprise,5,surprise,0.8872,True
0,angry,4,sad,0.7282,False
5,surprise,5,surprise,0.8361,True
4,sad,6,neutral,0.9158,False
6,neutral,6,neutral,0.3482,True
3,happy,3,happy,0.7145,True
3,happy,3,happy,0.9905,True
6,neutral,6,neutral,0.9763,True
2,fear,0,angry,0.4623,False
3,happy,3,happy,0.9989,True
4,sad,3,happy,0.3809,False
4,sad,0,angry,0.2945,False
6,neutral,6,neutral,0.4826,True
3,happy,3,happy,0.9077,True
3,happy,3,happy,0.9994,True
3,happy,3,happy,0.546,True
0,angry,0,angry,0.6028,True
0,angry,0,angry,0.5851,True
3,happy,3,happy,0.6503,True
4,sad,4,sad,0.664,True
6,neutral,6,neutral,0.8658,True
0,angry,0,angry,0.846,True
0,angry,0,angry,0.3684,True
2,fear,2,fear,0.4268,True
2,fear,3,happy,0.9204,False
5,surprise,3,happy,0.8142,False
3,happy,3,happy,0.999,True
5,surprise,5,surprise,0.902,True
5,surprise,4,sad,0.3283,False
6,neutral,6,neutral,0.7186,True
0,angry,2,fear,0.2503,False
5,surprise,5,surprise,0.4843,True
4,sad,2,fear,0.3469,False
3,happy,3,happy,0.9357,True
2,fear,6,neutral,0.4481,False
0,angry,4,sad,0.3468,False
3,happy,3,happy,0.9965,True
5,surprise,0,angry,0.4416,False
3,happy,3,happy,0.9935,True
2,fear,4,sad,0.2336,False
4,sad,4,sad,0.662,True
4,sad,6,neutral,0.5156,False
3,happy,3,happy,0.9951,True
6,neutral,2,fear,0.3617,False
5,surprise,0,angry,0.8175,False
